full_date,year,month,month_name,country,daily_orders,gross_revenue,returns_revenue,net_revenue,is_q4
2009-12-01,2009,12,December,Australia,2,196.1,-196.1,0.0,1
2009-12-01,2009,12,December,Belgium,1,130.0,0.0,130.0,1
2009-12-01,2009,12,December,EIRE,3,1800.43,0.0,1800.43,1
2009-12-01,2009,12,December,France,3,1030.24,-5.95,1024.29,1
2009-12-01,2009,12,December,Germany,1,929.92,0.0,929.92,1
2009-12-01,2009,12,December,Portugal,1,2454.68,0.0,2454.68,1
2009-12-01,2009,12,December,USA,1,141.0,0.0,141.0,1
2009-12-01,2009,12,December,United Kingdom,153,47827.13,-1133.32,46693.81,1
2009-12-02,2009,12,December,Denmark,1,1008.0,0.0,1008.0,1
2009-12-02,2009,12,December,France,2,578.28,-28.95,549.33,1
2009-12-02,2009,12,December,Germany,1,0.0,-20.4,-20.4,1
2009-12-02,2009,12,December,Japan,1,0.0,-208.75,-208.75,1
2009-12-02,2009,12,December,Netherlands,2,5711.04,0.0,5711.04,1
2009-12-02,2009,12,December,Nigeria,1,0.0,-147.05,-147.05,1
2009-12-02,2009,12,December,United Kingdom,124,56055.19,-114.2,55940.99,1
2009-12-03,2009,12,December,EIRE,1,569.18,0.0,569.18,1
2009-12-03,2009,12,December,France,2,210.55,-354.45,-143.9,1
2009-12-03,2009,12,December,Germany,1,0.0,-41.5,-41.5,1
2009-12-03,2009,12,December,Poland,1,371.82,0.0,371.82,1
2009-12-03,2009,12,December,Spain,1,0.0,-3.35,-3.35,1
2009-12-03,2009,12,December,United Kingdom,142,72886.36,-3541.12,69345.24,1
2009-12-04,2009,12,December,Channel Islands,1,989.18,0.0,989.18,1
2009-12-04,2009,12,December,France,2,682.65,-45.75,636.9,1
2009-12-04,2009,12,December,Italy,1,0.0,-24.15,-24.15,1
2009-12-04,2009,12,December,Netherlands,1,508.26,0.0,508.26,1
2009-12-04,2009,12,December,Spain,2,435.88,-28.0,407.88,1
2009-12-04,2009,12,December,United Kingdom,100,38115.89,-288.62,37827.27,1
2009-12-05,2009,12,December,Cyprus,1,760.69,0.0,760.69,1
2009-12-05,2009,12,December,United Kingdom,31,9042.36,0.0,9042.36,1
2009-12-06,2009,12,December,Belgium,1,309.1,0.0,309.1,1
2009-12-06,2009,12,December,France,1,817.44,0.0,817.44,1
2009-12-06,2009,12,December,Germany,1,283.15,0.0,283.15,1
2009-12-06,2009,12,December,United Kingdom,87,23203.95,-296.44,22907.51,1
2009-12-07,2009,12,December,Australia,1,0.0,-21.0,-21.0,1
2009-12-07,2009,12,December,EIRE,4,1936.1,-14.0,1922.1,1
2009-12-07,2009,12,December,France,2,74.56,-5.8,68.76,1
2009-12-07,2009,12,December,Germany,3,1461.92,0.0,1461.92,1
2009-12-07,2009,12,December,Greece,1,610.95,0.0,610.95,1
2009-12-07,2009,12,December,Norway,1,485.31,0.0,485.31,1
2009-12-07,2009,12,December,Spain,1,412.6,0.0,412.6,1
2009-12-07,2009,12,December,United Kingdom,109,40101.91,-395.8,39706.11,1
2009-12-08,2009,12,December,Australia,1,0.0,-3.75,-3.75,1
2009-12-08,2009,12,December,Austria,1,1429.83,0.0,1429.83,1
2009-12-08,2009,12,December,Denmark,1,0.0,-17.2,-17.2,1
2009-12-08,2009,12,December,EIRE,5,728.05,-59.85,668.2,1
2009-12-08,2009,12,December,France,3,507.9,-406.85,101.05,1
2009-12-08,2009,12,December,Netherlands,1,104.15,0.0,104.15,1
2009-12-08,2009,12,December,Portugal,1,366.9,0.0,366.9,1
2009-12-08,2009,12,December,United Kingdom,154,46335.75,-5286.44,41049.31,1
2009-12-09,2009,12,December,Germany,4,1995.36,-60.78,1934.58,1
2009-12-09,2009,12,December,Sweden,2,285.3,-25.5,259.8,1
2009-12-09,2009,12,December,United Kingdom,108,38335.43,-133.26,38202.17,1
2009-12-10,2009,12,December,Belgium,1,8.5,0.0,8.5,1
2009-12-10,2009,12,December,Channel Islands,1,0.0,-43.8,-43.8,1
2009-12-10,2009,12,December,EIRE,1,377.57,0.0,377.57,1
2009-12-10,2009,12,December,France,2,0.0,-118.9,-118.9,1
2009-12-10,2009,12,December,United Arab Emirates,2,517.7,-38.16,479.54,1
2009-12-10,2009,12,December,United Kingdom,114,42325.32,-856.57,41468.75,1
2009-12-11,2009,12,December,EIRE,2,0.0,-20.9,-20.9,1
2009-12-11,2009,12,December,Germany,2,0.0,-30.4,-30.4,1
2009-12-11,2009,12,December,United Kingdom,117,39659.6,-1183.38,38476.22,1
2009-12-13,2009,12,December,EIRE,1,411.51,0.0,411.51,1
2009-12-13,2009,12,December,Finland,1,549.08,0.0,549.08,1
2009-12-13,2009,12,December,France,3,1506.26,0.0,1506.26,1
2009-12-13,2009,12,December,Germany,1,147.99,0.0,147.99,1
2009-12-13,2009,12,December,United Kingdom,71,19698.25,-247.1,19451.15,1
2009-12-14,2009,12,December,Cyprus,2,1081.66,-53.7,1027.96,1
2009-12-14,2009,12,December,EIRE,1,0.0,-61.9,-61.9,1
2009-12-14,2009,12,December,Germany,6,3927.51,-56.35,3871.16,1
2009-12-14,2009,12,December,United Kingdom,113,68318.49,-257.47,68061.02,1
2009-12-15,2009,12,December,Denmark,2,429.66,-36.0,393.66,1
2009-12-15,2009,12,December,EIRE,2,2111.54,0.0,2111.54,1
2009-12-15,2009,12,December,United Kingdom,117,47799.04,-1363.27,46435.77,1
2009-12-16,2009,12,December,Cyprus,2,78.2,-78.2,0.0,1
2009-12-16,2009,12,December,EIRE,1,825.32,0.0,825.32,1
2009-12-16,2009,12,December,Italy,1,422.35,0.0,422.35,1
2009-12-16,2009,12,December,Netherlands,1,511.2,0.0,511.2,1
2009-12-16,2009,12,December,United Kingdom,101,50955.18,-32.85,50922.33,1
2009-12-17,2009,12,December,Germany,1,0.0,-3.25,-3.25,1
2009-12-17,2009,12,December,Spain,1,1952.64,0.0,1952.64,1
2009-12-17,2009,12,December,Switzerland,1,589.4,0.0,589.4,1
2009-12-17,2009,12,December,United Kingdom,157,27891.53,-1115.18,26776.35,1
2009-12-18,2009,12,December,Australia,1,75.0,0.0,75.0,1
2009-12-18,2009,12,December,Cyprus,1,1636.43,0.0,1636.43,1
2009-12-18,2009,12,December,EIRE,5,3424.11,0.0,3424.11,1
2009-12-18,2009,12,December,Germany,5,218.97,-55.8,163.17,1
2009-12-18,2009,12,December,Netherlands,1,8370.08,0.0,8370.08,1
2009-12-18,2009,12,December,United Kingdom,71,28863.5,-161.21,28702.29,1
2009-12-20,2009,12,December,EIRE,1,0.0,-11.9,-11.9,1
2009-12-20,2009,12,December,France,1,975.06,0.0,975.06,1
2009-12-20,2009,12,December,Germany,1,330.6,0.0,330.6,1
2009-12-20,2009,12,December,United Kingdom,37,10144.17,-103.55,10040.62,1
2009-12-21,2009,12,December,EIRE,1,7112.68,0.0,7112.68,1
2009-12-21,2009,12,December,France,1,138.75,0.0,138.75,1
2009-12-21,2009,12,December,Germany,1,801.43,0.0,801.43,1
2009-12-21,2009,12,December,United Kingdom,47,8171.07,-1244.47,6926.6,1
2009-12-22,2009,12,December,Austria,1,568.51,0.0,568.51,1
2009-12-22,2009,12,December,United Kingdom,202,27430.92,-541.69,26889.23,1
2009-12-23,2009,12,December,Germany,1,0.0,-45.75,-45.75,1
2009-12-23,2009,12,December,Spain,2,5149.06,0.0,5149.06,1
2009-12-23,2009,12,December,United Kingdom,29,5722.04,-82.67,5639.37,1
2010-01-04,2010,1,January,EIRE,1,0.0,-14.0,-14.0,0
2010-01-04,2010,1,January,Germany,1,0.0,-16.29,-16.29,0
2010-01-04,2010,1,January,United Kingdom,68,13481.25,-250.36,13230.89,0
2010-01-05,2010,1,January,United Kingdom,46,19199.29,-96.95,19102.34,0
2010-01-06,2010,1,January,United Kingdom,14,8742.43,0.0,8742.43,0
2010-01-07,2010,1,January,EIRE,5,46440.42,-109.95,46330.47,0
2010-01-07,2010,1,January,France,1,2130.3,0.0,2130.3,0
2010-01-07,2010,1,January,Germany,2,205.75,-18.0,187.75,0
2010-01-07,2010,1,January,Sweden,1,26.05,0.0,26.05,0
2010-01-07,2010,1,January,United Kingdom,78,24283.22,-649.87,23633.35,0
2010-01-08,2010,1,January,Belgium,1,404.55,0.0,404.55,0
2010-01-08,2010,1,January,EIRE,1,1190.46,0.0,1190.46,0
2010-01-08,2010,1,January,France,3,2890.82,0.0,2890.82,0
2010-01-08,2010,1,January,United Kingdom,41,24272.18,-21.9,24250.28,0
2010-01-10,2010,1,January,Spain,1,760.24,0.0,760.24,0
2010-01-10,2010,1,January,United Kingdom,36,22928.36,-168.68,22759.68,0
2010-01-11,2010,1,January,Denmark,1,881.2,0.0,881.2,0
2010-01-11,2010,1,January,EIRE,1,1642.5,0.0,1642.5,0
2010-01-11,2010,1,January,Germany,4,471.33,-171.0,300.33,0
2010-01-11,2010,1,January,Netherlands,1,152.88,0.0,152.88,0
2010-01-11,2010,1,January,USA,2,558.42,0.0,558.42,0
2010-01-11,2010,1,January,United Kingdom,62,32769.94,-206.27,32563.67,0
2010-01-12,2010,1,January,Germany,4,2370.56,-72.0,2298.56,0
2010-01-12,2010,1,January,USA,1,5.0,0.0,5.0,0
2010-01-12,2010,1,January,United Kingdom,60,38480.12,-93.7,38386.42,0
2010-01-13,2010,1,January,Belgium,1,0.0,-9.95,-9.95,0
2010-01-13,2010,1,January,France,2,854.35,-116.62,737.73,0
2010-01-13,2010,1,January,Germany,2,1383.41,-19.84,1363.57,0
2010-01-13,2010,1,January,Spain,2,0.0,-336.0,-336.0,0
2010-01-13,2010,1,January,United Kingdom,51,19349.91,-204.27,19145.64,0
2010-01-14,2010,1,January,Germany,3,671.93,-54.5,617.43,0
2010-01-14,2010,1,January,Greece,1,859.27,0.0,859.27,0
2010-01-14,2010,1,January,United Kingdom,82,30141.53,-1327.33,28814.2,0
2010-01-15,2010,1,January,Belgium,2,1120.27,0.0,1120.27,0
2010-01-15,2010,1,January,Finland,1,738.18,0.0,738.18,0
2010-01-15,2010,1,January,Germany,2,79.2,-98.35,-19.15,0
2010-01-15,2010,1,January,Japan,1,2.95,0.0,2.95,0
2010-01-15,2010,1,January,Netherlands,2,333.45,0.0,333.45,0
2010-01-15,2010,1,January,United Kingdom,45,11241.84,-119.0,11122.84,0
2010-01-17,2010,1,January,United Kingdom,41,17578.24,-12.3,17565.94,0
2010-01-18,2010,1,January,Channel Islands,1,838.75,0.0,838.75,0
2010-01-18,2010,1,January,Germany,1,0.0,-16.35,-16.35,0
2010-01-18,2010,1,January,United Kingdom,48,20612.81,-91.98,20520.83,0
2010-01-19,2010,1,January,EIRE,1,940.74,0.0,940.74,0
2010-01-19,2010,1,January,France,3,1325.28,0.0,1325.28,0
2010-01-19,2010,1,January,Germany,1,0.0,-5.59,-5.59,0
2010-01-19,2010,1,January,USA,1,1130.22,0.0,1130.22,0
2010-01-19,2010,1,January,United Kingdom,44,29744.37,-359.1,29385.27,0
2010-01-19,2010,1,January,Unspecified,1,211.95,0.0,211.95,0
2010-01-20,2010,1,January,EIRE,2,221.32,-496.5,-275.18,0
2010-01-20,2010,1,January,Sweden,1,1352.4,0.0,1352.4,0
2010-01-20,2010,1,January,United Kingdom,74,16052.74,-1134.8,14917.94,0
2010-01-21,2010,1,January,Denmark,1,6989.4,0.0,6989.4,0
2010-01-21,2010,1,January,EIRE,1,3590.07,0.0,3590.07,0
2010-01-21,2010,1,January,Greece,1,2507.06,0.0,2507.06,0
2010-01-21,2010,1,January,United Kingdom,85,14305.43,-424.07,13881.36,0
2010-01-22,2010,1,January,EIRE,3,2105.49,0.0,2105.49,0
2010-01-22,2010,1,January,Germany,2,2131.63,0.0,2131.63,0
2010-01-22,2010,1,January,Netherlands,2,10173.56,0.0,10173.56,0
2010-01-22,2010,1,January,Spain,1,1120.46,0.0,1120.46,0
2010-01-22,2010,1,January,United Kingdom,66,20089.79,-168.89,19920.9,0
2010-01-24,2010,1,January,Germany,1,557.53,0.0,557.53,0
2010-01-24,2010,1,January,United Kingdom,51,15512.71,-26.39,15486.32,0
2010-01-25,2010,1,January,EIRE,1,627.43,0.0,627.43,0
2010-01-25,2010,1,January,Germany,1,0.0,-58.4,-58.4,0
2010-01-25,2010,1,January,Greece,1,1432.02,0.0,1432.02,0
2010-01-25,2010,1,January,United Kingdom,68,20956.2,-87.24,20868.96,0
2010-01-26,2010,1,January,Belgium,1,109.2,0.0,109.2,0
2010-01-26,2010,1,January,Cyprus,1,76.52,0.0,76.52,0
2010-01-26,2010,1,January,EIRE,14,1623.37,-59.1,1564.27,0
2010-01-26,2010,1,January,Finland,3,63.24,-142.65,-79.41,0
2010-01-26,2010,1,January,France,2,590.17,0.0,590.17,0
2010-01-26,2010,1,January,Germany,11,2935.03,-75.45,2859.58,0
2010-01-26,2010,1,January,Italy,1,39.67,0.0,39.67,0
2010-01-26,2010,1,January,Netherlands,2,18570.88,-18.38,18552.5,0
2010-01-26,2010,1,January,Nigeria,1,27.82,0.0,27.82,0
2010-01-26,2010,1,January,Portugal,2,117.72,-13.13,104.59,0
2010-01-26,2010,1,January,Spain,4,227.75,-26.25,201.5,0
2010-01-26,2010,1,January,United Kingdom,123,22862.47,-1420.36,21442.11,0
2010-01-26,2010,1,January,Unspecified,1,0.0,-36.75,-36.75,0
2010-01-27,2010,1,January,Spain,1,565.3,0.0,565.3,0
2010-01-27,2010,1,January,USA,1,595.95,0.0,595.95,0
2010-01-27,2010,1,January,United Kingdom,82,26719.2,-223.22,26495.98,0
2010-01-27,2010,1,January,Unspecified,1,823.15,0.0,823.15,0
2010-01-28,2010,1,January,Channel Islands,1,0.0,-15.9,-15.9,0
2010-01-28,2010,1,January,EIRE,1,1034.67,0.0,1034.67,0
2010-01-28,2010,1,January,Germany,3,0.0,-50.2,-50.2,0
2010-01-28,2010,1,January,United Kingdom,77,18811.0,-561.41,18249.59,0
2010-01-29,2010,1,January,Spain,1,96.5,0.0,96.5,0
2010-01-29,2010,1,January,United Kingdom,75,19321.88,-426.46,18895.42,0
2010-01-31,2010,1,January,EIRE,1,1026.38,0.0,1026.38,0
2010-01-31,2010,1,January,France,1,320.26,0.0,320.26,0
2010-01-31,2010,1,January,Germany,1,1755.74,0.0,1755.74,0
2010-01-31,2010,1,January,Sweden,2,301.7,-40.0,261.7,0
2010-01-31,2010,1,January,United Kingdom,53,15300.6,-214.55,15086.05,0
2010-02-01,2010,2,February,Germany,2,824.2,0.0,824.2,0
2010-02-01,2010,2,February,Japan,1,159.66,0.0,159.66,0
2010-02-01,2010,2,February,Malta,1,818.19,0.0,818.19,0
2010-02-01,2010,2,February,Portugal,2,403.33,0.0,403.33,0
2010-02-01,2010,2,February,Spain,3,492.04,-56.0,436.04,0
2010-02-01,2010,2,February,United Kingdom,70,16315.82,-65.52,16250.3,0
2010-02-02,2010,2,February,Bahrain,1,439.85,0.0,439.85,0
2010-02-02,2010,2,February,EIRE,3,2681.27,0.0,2681.27,0
2010-02-02,2010,2,February,Germany,1,0.0,-0.85,-0.85,0
2010-02-02,2010,2,February,United Kingdom,53,17967.08,-84.36,17882.72,0
2010-02-03,2010,2,February,France,1,714.21,0.0,714.21,0
2010-02-03,2010,2,February,Germany,2,20.4,-43.2,-22.8,0
2010-02-03,2010,2,February,Netherlands,1,266.5,0.0,266.5,0
2010-02-03,2010,2,February,RSA,1,931.43,0.0,931.43,0
2010-02-03,2010,2,February,Spain,2,17.0,-33.0,-16.0,0
2010-02-03,2010,2,February,United Kingdom,143,19499.15,-65.74,19433.41,0
2010-02-04,2010,2,February,Austria,1,437.9,0.0,437.9,0
2010-02-04,2010,2,February,France,1,51.0,0.0,51.0,0
2010-02-04,2010,2,February,Germany,2,401.43,0.0,401.43,0
2010-02-04,2010,2,February,United Kingdom,139,21784.17,-16.62,21767.55,0
2010-02-05,2010,2,February,Germany,2,353.03,0.0,353.03,0
2010-02-05,2010,2,February,United Kingdom,143,21475.17,-1125.08,20350.09,0
2010-02-07,2010,2,February,Belgium,1,191.7,0.0,191.7,0
2010-02-07,2010,2,February,EIRE,1,7497.64,0.0,7497.64,0
2010-02-07,2010,2,February,France,1,987.64,0.0,987.64,0
2010-02-07,2010,2,February,Germany,1,196.2,0.0,196.2,0
2010-02-07,2010,2,February,United Kingdom,31,8205.03,-254.44,7950.59,0
2010-02-08,2010,2,February,EIRE,1,365.1,0.0,365.1,0
2010-02-08,2010,2,February,Germany,3,1476.68,0.0,1476.68,0
2010-02-08,2010,2,February,United Arab Emirates,3,1007.8,-503.9,503.9,0
2010-02-08,2010,2,February,United Kingdom,64,13718.94,-75.8,13643.14,0
2010-02-09,2010,2,February,Austria,1,562.96,0.0,562.96,0
2010-02-09,2010,2,February,France,5,3392.51,0.0,3392.51,0
2010-02-09,2010,2,February,Germany,5,2062.71,0.0,2062.71,0
2010-02-09,2010,2,February,United Kingdom,46,13648.36,-28.5,13619.86,0
2010-02-10,2010,2,February,Germany,1,283.98,0.0,283.98,0
2010-02-10,2010,2,February,Portugal,1,55.5,0.0,55.5,0
2010-02-10,2010,2,February,Sweden,1,87.4,0.0,87.4,0
2010-02-10,2010,2,February,United Kingdom,35,9152.91,-488.57,8664.34,0
2010-02-11,2010,2,February,France,5,1422.35,0.0,1422.35,0
2010-02-11,2010,2,February,Germany,3,158.7,-56.4,102.3,0
2010-02-11,2010,2,February,Switzerland,1,477.68,0.0,477.68,0
2010-02-11,2010,2,February,United Kingdom,92,13055.67,-89.36,12966.31,0
2010-02-12,2010,2,February,France,1,493.66,0.0,493.66,0
2010-02-12,2010,2,February,Germany,3,738.86,-16.85,722.01,0
2010-02-12,2010,2,February,United Arab Emirates,1,0.0,-10.2,-10.2,0
2010-02-12,2010,2,February,United Kingdom,70,10158.54,-42.15,10116.39,0
2010-02-14,2010,2,February,Australia,1,662.25,0.0,662.25,0
2010-02-14,2010,2,February,EIRE,1,881.86,0.0,881.86,0
2010-02-14,2010,2,February,United Kingdom,48,16270.34,-162.95,16107.39,0
2010-02-15,2010,2,February,Belgium,1,1508.65,0.0,1508.65,0
2010-02-15,2010,2,February,Cyprus,1,712.39,0.0,712.39,0
2010-02-15,2010,2,February,Denmark,1,16973.1,0.0,16973.1,0
2010-02-15,2010,2,February,EIRE,2,129.34,-12.75,116.59,0
2010-02-15,2010,2,February,Germany,2,762.48,-10.9,751.58,0
2010-02-15,2010,2,February,United Kingdom,46,21190.17,-161.25,21028.92,0
2010-02-16,2010,2,February,EIRE,2,454.35,-5.95,448.4,0
2010-02-16,2010,2,February,Germany,1,0.0,-29.95,-29.95,0
2010-02-16,2010,2,February,Sweden,1,1677.42,0.0,1677.42,0
2010-02-16,2010,2,February,United Kingdom,105,28967.06,-214.65,28752.41,0
2010-02-17,2010,2,February,Denmark,2,2836.8,-3630.8,-794.0,0
2010-02-17,2010,2,February,EIRE,3,2953.54,0.0,2953.54,0
2010-02-17,2010,2,February,Germany,1,0.0,-20.4,-20.4,0
2010-02-17,2010,2,February,United Kingdom,58,20825.89,-262.57,20563.32,0
2010-02-18,2010,2,February,EIRE,2,0.0,-19.55,-19.55,0
2010-02-18,2010,2,February,Germany,1,210.07,0.0,210.07,0
2010-02-18,2010,2,February,Netherlands,4,14957.6,-947.08,14010.52,0
2010-02-18,2010,2,February,United Kingdom,84,20643.52,-615.2,20028.32,0
2010-02-19,2010,2,February,United Kingdom,64,27234.4,-132.39,27102.01,0
2010-02-21,2010,2,February,Australia,1,202.56,0.0,202.56,0
2010-02-21,2010,2,February,EIRE,1,986.8,0.0,986.8,0
2010-02-21,2010,2,February,United Kingdom,58,10286.5,-2156.13,8130.37,0
2010-02-22,2010,2,February,Australia,1,164.85,0.0,164.85,0
2010-02-22,2010,2,February,Austria,1,118.0,0.0,118.0,0
2010-02-22,2010,2,February,Cyprus,1,38.1,0.0,38.1,0
2010-02-22,2010,2,February,EIRE,1,881.52,0.0,881.52,0
2010-02-22,2010,2,February,France,1,0.0,-5.0,-5.0,0
2010-02-22,2010,2,February,Germany,1,0.0,-7.5,-7.5,0
2010-02-22,2010,2,February,United Arab Emirates,1,1310.3,0.0,1310.3,0
2010-02-22,2010,2,February,United Kingdom,79,23846.36,-127.48,23718.88,0
2010-02-23,2010,2,February,France,3,1370.74,-38.15,1332.59,0
2010-02-23,2010,2,February,Germany,7,303.65,-66.95,236.7,0
2010-02-23,2010,2,February,Japan,3,34.06,-37.01,-2.95,0
2010-02-23,2010,2,February,United Kingdom,75,20989.2,-3.95,20985.25,0
2010-02-24,2010,2,February,EIRE,4,3733.78,-17.7,3716.08,0
2010-02-24,2010,2,February,Netherlands,1,1112.2,0.0,1112.2,0
2010-02-24,2010,2,February,Sweden,5,6437.76,0.0,6437.76,0
2010-02-24,2010,2,February,United Kingdom,113,21787.0,-257.3,21529.7,0
2010-02-25,2010,2,February,France,1,592.05,0.0,592.05,0
2010-02-25,2010,2,February,Germany,2,529.61,0.0,529.61,0
2010-02-25,2010,2,February,United Kingdom,88,45520.31,-1236.14,44284.17,0
2010-02-26,2010,2,February,Netherlands,4,919.09,-361.0,558.09,0
2010-02-26,2010,2,February,United Kingdom,59,15784.61,-944.04,14840.57,0
2010-02-28,2010,2,February,Germany,2,802.25,0.0,802.25,0
2010-02-28,2010,2,February,Spain,1,45.0,0.0,45.0,0
2010-02-28,2010,2,February,United Kingdom,55,16047.27,-111.05,15936.22,0
2010-03-01,2010,3,March,France,1,629.39,0.0,629.39,0
2010-03-01,2010,3,March,Netherlands,1,0.0,-210.0,-210.0,0
2010-03-01,2010,3,March,Poland,1,318.86,0.0,318.86,0
2010-03-01,2010,3,March,Spain,1,438.8,0.0,438.8,0
2010-03-01,2010,3,March,United Kingdom,93,24440.41,-232.47,24207.94,0
2010-03-02,2010,3,March,France,3,2192.83,-29.85,2162.98,0
2010-03-02,2010,3,March,Germany,2,344.1,-35.4,308.7,0
2010-03-02,2010,3,March,Netherlands,1,1562.94,0.0,1562.94,0
2010-03-02,2010,3,March,Portugal,2,633.68,-14.85,618.83,0
2010-03-02,2010,3,March,United Kingdom,129,21690.32,-666.33,21023.99,0
2010-03-03,2010,3,March,Belgium,1,200.0,0.0,200.0,0
2010-03-03,2010,3,March,EIRE,5,9549.49,0.0,9549.49,0
2010-03-03,2010,3,March,France,3,319.6,-20.32,299.28,0
2010-03-03,2010,3,March,Germany,3,473.09,-45.2,427.89,0
2010-03-03,2010,3,March,Italy,1,154.14,0.0,154.14,0
2010-03-03,2010,3,March,United Kingdom,71,23405.09,-159.26,23245.83,0
2010-03-04,2010,3,March,Australia,1,394.59,0.0,394.59,0
2010-03-04,2010,3,March,Cyprus,1,0.0,-25.6,-25.6,0
2010-03-04,2010,3,March,EIRE,2,1125.16,0.0,1125.16,0
2010-03-04,2010,3,March,France,1,202.35,0.0,202.35,0
2010-03-04,2010,3,March,Switzerland,2,607.68,0.0,607.68,0
2010-03-04,2010,3,March,United Kingdom,92,29708.67,-320.48,29388.19,0
2010-03-05,2010,3,March,Belgium,2,704.02,0.0,704.02,0
2010-03-05,2010,3,March,EIRE,2,777.64,0.0,777.64,0
2010-03-05,2010,3,March,France,1,334.06,0.0,334.06,0
2010-03-05,2010,3,March,Germany,3,1676.11,0.0,1676.11,0
2010-03-05,2010,3,March,Greece,1,522.73,0.0,522.73,0
2010-03-05,2010,3,March,United Kingdom,77,23670.17,0.0,23670.17,0
2010-03-07,2010,3,March,Germany,2,2323.84,0.0,2323.84,0
2010-03-07,2010,3,March,United Kingdom,65,17385.48,-189.5,17195.98,0
2010-03-08,2010,3,March,Austria,1,348.32,0.0,348.32,0
2010-03-08,2010,3,March,Cyprus,1,337.74,0.0,337.74,0
2010-03-08,2010,3,March,France,1,0.0,-18.1,-18.1,0
2010-03-08,2010,3,March,Germany,3,1100.27,-29.7,1070.57,0
2010-03-08,2010,3,March,Italy,1,580.08,0.0,580.08,0
2010-03-08,2010,3,March,Netherlands,1,147.0,0.0,147.0,0
2010-03-08,2010,3,March,Portugal,1,0.0,-15.9,-15.9,0
2010-03-08,2010,3,March,United Kingdom,99,34719.8,-362.3,34357.5,0
2010-03-09,2010,3,March,EIRE,2,0.0,-95.75,-95.75,0
2010-03-09,2010,3,March,France,2,1089.65,0.0,1089.65,0
2010-03-09,2010,3,March,Germany,2,251.05,0.0,251.05,0
2010-03-09,2010,3,March,Spain,1,364.79,0.0,364.79,0
2010-03-09,2010,3,March,Sweden,1,357.4,0.0,357.4,0
2010-03-09,2010,3,March,United Kingdom,92,19972.86,-1095.07,18877.79,0
2010-03-10,2010,3,March,EIRE,2,551.95,-1.7,550.25,0
2010-03-10,2010,3,March,France,1,0.0,-32.4,-32.4,0
2010-03-10,2010,3,March,Germany,2,384.5,0.0,384.5,0
2010-03-10,2010,3,March,Sweden,2,679.8,0.0,679.8,0
2010-03-10,2010,3,March,United Kingdom,76,25905.93,-372.35,25533.58,0
2010-03-11,2010,3,March,Netherlands,1,3425.26,0.0,3425.26,0
2010-03-11,2010,3,March,United Kingdom,75,21166.65,-111.0,21055.65,0
2010-03-12,2010,3,March,Denmark,1,728.88,0.0,728.88,0
2010-03-12,2010,3,March,EIRE,1,917.56,0.0,917.56,0
2010-03-12,2010,3,March,France,2,366.05,0.0,366.05,0
2010-03-12,2010,3,March,Germany,1,0.0,-1.95,-1.95,0
2010-03-12,2010,3,March,Netherlands,3,7482.62,0.0,7482.62,0
2010-03-12,2010,3,March,United Kingdom,46,12215.98,-236.34,11979.64,0
2010-03-14,2010,3,March,Netherlands,1,1968.98,0.0,1968.98,0
2010-03-14,2010,3,March,United Kingdom,24,7039.82,-12.75,7027.07,0
2010-03-15,2010,3,March,EIRE,2,1537.92,0.0,1537.92,0
2010-03-15,2010,3,March,France,1,1182.35,0.0,1182.35,0
2010-03-15,2010,3,March,Germany,2,92.0,-12.75,79.25,0
2010-03-15,2010,3,March,Japan,2,110.4,-110.4,0.0,0
2010-03-15,2010,3,March,Netherlands,1,165.0,0.0,165.0,0
2010-03-15,2010,3,March,Sweden,1,0.0,-34.0,-34.0,0
2010-03-15,2010,3,March,United Kingdom,72,24502.28,-126.56,24375.72,0
2010-03-16,2010,3,March,Cyprus,1,500.24,0.0,500.24,0
2010-03-16,2010,3,March,EIRE,1,0.0,-15.0,-15.0,0
2010-03-16,2010,3,March,Germany,4,744.37,-92.0,652.37,0
2010-03-16,2010,3,March,Sweden,2,46.8,-23.4,23.4,0
2010-03-16,2010,3,March,United Kingdom,85,22761.03,-832.5,21928.53,0
2010-03-17,2010,3,March,Denmark,1,6866.3,0.0,6866.3,0
2010-03-17,2010,3,March,EIRE,1,331.32,0.0,331.32,0
2010-03-17,2010,3,March,Germany,2,2917.76,-7.95,2909.81,0
2010-03-17,2010,3,March,United Kingdom,52,20648.24,-170.33,20477.91,0
2010-03-18,2010,3,March,Bermuda,1,1253.14,0.0,1253.14,0
2010-03-18,2010,3,March,EIRE,2,874.36,0.0,874.36,0
2010-03-18,2010,3,March,France,1,1155.48,0.0,1155.48,0
2010-03-18,2010,3,March,Germany,2,1609.06,0.0,1609.06,0
2010-03-18,2010,3,March,United Kingdom,88,35615.72,-278.88,35336.84,0
2010-03-19,2010,3,March,Bahrain,1,429.8,0.0,429.8,0
2010-03-19,2010,3,March,EIRE,1,1055.51,0.0,1055.51,0
2010-03-19,2010,3,March,Sweden,1,354.0,0.0,354.0,0
2010-03-19,2010,3,March,Switzerland,1,343.94,0.0,343.94,0
2010-03-19,2010,3,March,United Kingdom,72,21671.79,-246.86,21424.93,0
2010-03-21,2010,3,March,Cyprus,1,917.7,0.0,917.7,0
2010-03-21,2010,3,March,Netherlands,1,381.0,0.0,381.0,0
2010-03-21,2010,3,March,United Kingdom,60,19511.08,-243.14,19267.94,0
2010-03-22,2010,3,March,EIRE,1,782.45,0.0,782.45,0
2010-03-22,2010,3,March,Germany,2,736.37,0.0,736.37,0
2010-03-22,2010,3,March,Greece,1,0.0,-32.45,-32.45,0
2010-03-22,2010,3,March,Sweden,1,253.58,0.0,253.58,0
2010-03-22,2010,3,March,United Kingdom,99,23810.59,-861.44,22949.15,0
2010-03-23,2010,3,March,Australia,1,34.8,0.0,34.8,0
2010-03-23,2010,3,March,Bahrain,1,119.0,0.0,119.0,0
2010-03-23,2010,3,March,Cyprus,2,1123.51,0.0,1123.51,0
2010-03-23,2010,3,March,EIRE,1,289.45,0.0,289.45,0
2010-03-23,2010,3,March,Germany,1,0.0,-25.9,-25.9,0
2010-03-23,2010,3,March,Portugal,2,0.0,-7.5,-7.5,0
2010-03-23,2010,3,March,United Kingdom,68,31088.4,-132.31,30956.09,0
2010-03-24,2010,3,March,Austria,1,40.0,0.0,40.0,0
2010-03-24,2010,3,March,EIRE,4,519.3,-108.92,410.38,0
2010-03-24,2010,3,March,France,2,804.47,0.0,804.47,0
2010-03-24,2010,3,March,Germany,1,1020.48,0.0,1020.48,0
2010-03-24,2010,3,March,Portugal,1,1885.37,0.0,1885.37,0
2010-03-24,2010,3,March,United Arab Emirates,1,1201.52,0.0,1201.52,0
2010-03-24,2010,3,March,United Kingdom,102,23762.06,-1978.29,21783.77,0
2010-03-25,2010,3,March,Austria,3,536.81,0.0,536.81,0
2010-03-25,2010,3,March,EIRE,2,1502.62,0.0,1502.62,0
2010-03-25,2010,3,March,France,1,381.36,0.0,381.36,0
2010-03-25,2010,3,March,Germany,3,984.05,0.0,984.05,0
2010-03-25,2010,3,March,Netherlands,1,146.68,0.0,146.68,0
2010-03-25,2010,3,March,Spain,2,822.84,0.0,822.84,0
2010-03-25,2010,3,March,United Kingdom,88,28170.16,-115.1,28055.06,0
2010-03-26,2010,3,March,EIRE,1,833.2,0.0,833.2,0
2010-03-26,2010,3,March,France,1,0.0,-89.3,-89.3,0
2010-03-26,2010,3,March,Germany,3,2041.03,-11.3,2029.73,0
2010-03-26,2010,3,March,Netherlands,4,9036.82,0.0,9036.82,0
2010-03-26,2010,3,March,United Kingdom,74,20479.92,-224.18,20255.74,0
2010-03-28,2010,3,March,United Kingdom,59,22508.67,-14.3,22494.37,0
2010-03-29,2010,3,March,Bahrain,1,0.0,-42.5,-42.5,0
2010-03-29,2010,3,March,Germany,1,0.0,-21.0,-21.0,0
2010-03-29,2010,3,March,Spain,2,54.09,0.0,54.09,0
2010-03-29,2010,3,March,United Kingdom,94,59881.68,-691.25,59190.43,0
2010-03-30,2010,3,March,Channel Islands,1,1065.12,0.0,1065.12,0
2010-03-30,2010,3,March,EIRE,3,1430.37,-27.95,1402.42,0
2010-03-30,2010,3,March,France,1,0.0,-36.4,-36.4,0
2010-03-30,2010,3,March,United Kingdom,103,36128.74,-933.1,35195.64,0
2010-03-31,2010,3,March,Germany,1,0.0,-56.1,-56.1,0
2010-03-31,2010,3,March,Spain,1,0.0,-16.7,-16.7,0
2010-03-31,2010,3,March,United Kingdom,85,29716.23,-198.89,29517.34,0
2010-04-01,2010,4,April,Belgium,1,245.76,0.0,245.76,0
2010-04-01,2010,4,April,France,1,714.0,0.0,714.0,0
2010-04-01,2010,4,April,Germany,5,2443.71,0.0,2443.71,0
2010-04-01,2010,4,April,Netherlands,1,2831.66,0.0,2831.66,0
2010-04-01,2010,4,April,United Kingdom,103,24554.02,-199.44,24354.58,0
2010-04-06,2010,4,April,United Kingdom,66,19221.45,-447.1,18774.35,0
2010-04-06,2010,4,April,Unspecified,1,252.52,0.0,252.52,0
2010-04-07,2010,4,April,EIRE,1,1015.48,0.0,1015.48,0
2010-04-07,2010,4,April,France,1,2213.2,0.0,2213.2,0
2010-04-07,2010,4,April,Germany,1,789.75,0.0,789.75,0
2010-04-07,2010,4,April,Japan,1,0.0,-2.75,-2.75,0
2010-04-07,2010,4,April,Sweden,5,5478.0,0.0,5478.0,0
2010-04-07,2010,4,April,United Kingdom,63,25079.98,-78.0,25001.98,0
2010-04-08,2010,4,April,Australia,1,396.2,0.0,396.2,0
2010-04-08,2010,4,April,Germany,2,266.82,0.0,266.82,0
2010-04-08,2010,4,April,Netherlands,1,247.5,0.0,247.5,0
2010-04-08,2010,4,April,United Kingdom,92,46704.66,-417.05,46287.61,0
2010-04-09,2010,4,April,France,2,574.7,0.0,574.7,0
2010-04-09,2010,4,April,Germany,2,2280.93,0.0,2280.93,0
2010-04-09,2010,4,April,Netherlands,1,728.5,0.0,728.5,0
2010-04-09,2010,4,April,United Kingdom,51,13398.0,-132.07,13265.93,0
2010-04-11,2010,4,April,Germany,2,3427.15,0.0,3427.15,0
2010-04-11,2010,4,April,Switzerland,1,728.8,0.0,728.8,0
2010-04-11,2010,4,April,United Kingdom,41,15806.37,-77.85,15728.52,0
2010-04-12,2010,4,April,Belgium,1,0.0,-8.5,-8.5,0
2010-04-12,2010,4,April,Channel Islands,1,926.82,0.0,926.82,0
2010-04-12,2010,4,April,Cyprus,1,0.0,-15.8,-15.8,0
2010-04-12,2010,4,April,EIRE,3,1184.18,-53.95,1130.23,0
2010-04-12,2010,4,April,Germany,3,2928.48,-2.95,2925.53,0
2010-04-12,2010,4,April,Switzerland,1,0.0,-4.25,-4.25,0
2010-04-12,2010,4,April,United Kingdom,75,22137.73,-1125.63,21012.1,0
2010-04-13,2010,4,April,EIRE,3,9475.28,-135.68,9339.6,0
2010-04-13,2010,4,April,Netherlands,1,253.7,0.0,253.7,0
2010-04-13,2010,4,April,Spain,2,454.36,-45.75,408.61,0
2010-04-13,2010,4,April,United Kingdom,85,15841.92,-863.13,14978.79,0
2010-04-14,2010,4,April,EIRE,1,1167.88,0.0,1167.88,0
2010-04-14,2010,4,April,France,2,1211.06,0.0,1211.06,0
2010-04-14,2010,4,April,Germany,2,814.89,0.0,814.89,0
2010-04-14,2010,4,April,Spain,1,0.0,-12.75,-12.75,0
2010-04-14,2010,4,April,United Kingdom,58,23999.08,-587.53,23411.55,0
2010-04-15,2010,4,April,Germany,1,284.59,0.0,284.59,0
2010-04-15,2010,4,April,Spain,1,379.62,0.0,379.62,0
2010-04-15,2010,4,April,United Kingdom,67,18818.98,-110.5,18708.48,0
2010-04-16,2010,4,April,Belgium,1,1125.44,0.0,1125.44,0
2010-04-16,2010,4,April,France,1,114.48,0.0,114.48,0
2010-04-16,2010,4,April,Germany,1,359.61,0.0,359.61,0
2010-04-16,2010,4,April,Netherlands,1,378.6,0.0,378.6,0
2010-04-16,2010,4,April,Sweden,1,3720.24,0.0,3720.24,0
2010-04-16,2010,4,April,United Kingdom,43,13858.48,-1495.31,12363.17,0
2010-04-18,2010,4,April,Belgium,1,313.65,0.0,313.65,0
2010-04-18,2010,4,April,Netherlands,1,130.07,0.0,130.07,0
2010-04-18,2010,4,April,Sweden,5,5814.6,0.0,5814.6,0
2010-04-18,2010,4,April,United Kingdom,49,17838.56,-31.15,17807.41,0
2010-04-19,2010,4,April,EIRE,3,2091.78,0.0,2091.78,0
2010-04-19,2010,4,April,Germany,1,689.46,0.0,689.46,0
2010-04-19,2010,4,April,Sweden,2,654.6,0.0,654.6,0
2010-04-19,2010,4,April,United Arab Emirates,1,0.0,-16.5,-16.5,0
2010-04-19,2010,4,April,United Kingdom,79,41848.27,-267.32,41580.95,0
2010-04-20,2010,4,April,EIRE,1,588.98,0.0,588.98,0
2010-04-20,2010,4,April,Germany,3,995.92,-30.85,965.07,0
2010-04-20,2010,4,April,Netherlands,1,337.4,0.0,337.4,0
2010-04-20,2010,4,April,United Kingdom,70,23063.36,-106.75,22956.61,0
2010-04-21,2010,4,April,Belgium,1,0.0,-12.75,-12.75,0
2010-04-21,2010,4,April,Cyprus,2,1151.7,0.0,1151.7,0
2010-04-21,2010,4,April,Finland,3,1255.13,0.0,1255.13,0
2010-04-21,2010,4,April,France,1,1112.06,0.0,1112.06,0
2010-04-21,2010,4,April,Germany,2,4157.74,0.0,4157.74,0
2010-04-21,2010,4,April,Hong Kong,1,2236.61,0.0,2236.61,0
2010-04-21,2010,4,April,United Kingdom,72,17806.54,-67.95,17738.59,0
2010-04-22,2010,4,April,Denmark,1,748.0,0.0,748.0,0
2010-04-22,2010,4,April,EIRE,3,2344.25,0.0,2344.25,0
2010-04-22,2010,4,April,France,1,0.0,-13.52,-13.52,0
2010-04-22,2010,4,April,Germany,4,1104.09,-65.0,1039.09,0
2010-04-22,2010,4,April,Netherlands,2,626.85,0.0,626.85,0
2010-04-22,2010,4,April,United Kingdom,119,32799.55,-1722.95,31076.6,0
2010-04-23,2010,4,April,France,1,211.15,0.0,211.15,0
2010-04-23,2010,4,April,Germany,2,0.0,-64.14,-64.14,0
2010-04-23,2010,4,April,Sweden,1,281.0,0.0,281.0,0
2010-04-23,2010,4,April,United Kingdom,62,16231.81,-607.18,15624.63,0
2010-04-25,2010,4,April,EIRE,1,1002.95,0.0,1002.95,0
2010-04-25,2010,4,April,Germany,1,645.1,0.0,645.1,0
2010-04-25,2010,4,April,United Kingdom,48,15112.62,-355.8,14756.82,0
2010-04-26,2010,4,April,EIRE,2,2308.86,0.0,2308.86,0
2010-04-26,2010,4,April,Germany,3,1759.89,0.0,1759.89,0
2010-04-26,2010,4,April,United Kingdom,113,31815.13,-62.6,31752.53,0
2010-04-27,2010,4,April,Australia,1,234.75,0.0,234.75,0
2010-04-27,2010,4,April,EIRE,1,0.0,-12.75,-12.75,0
2010-04-27,2010,4,April,Singapore,1,1252.95,0.0,1252.95,0
2010-04-27,2010,4,April,United Kingdom,103,44869.88,-482.42,44387.46,0
2010-04-28,2010,4,April,Belgium,1,885.54,0.0,885.54,0
2010-04-28,2010,4,April,France,2,1492.33,0.0,1492.33,0
2010-04-28,2010,4,April,Germany,1,339.75,0.0,339.75,0
2010-04-28,2010,4,April,Greece,1,277.93,0.0,277.93,0
2010-04-28,2010,4,April,Italy,1,457.33,0.0,457.33,0
2010-04-28,2010,4,April,Switzerland,1,0.0,-32.75,-32.75,0
2010-04-28,2010,4,April,United Kingdom,72,29101.96,-71.15,29030.81,0
2010-04-29,2010,4,April,EIRE,2,1703.63,0.0,1703.63,0
2010-04-29,2010,4,April,France,1,0.0,-26.55,-26.55,0
2010-04-29,2010,4,April,Germany,1,0.0,-19.8,-19.8,0
2010-04-29,2010,4,April,Italy,1,1068.52,0.0,1068.52,0
2010-04-29,2010,4,April,Portugal,2,85.54,-124.24,-38.7,0
2010-04-29,2010,4,April,Switzerland,1,1210.96,0.0,1210.96,0
2010-04-29,2010,4,April,United Kingdom,94,28751.72,-1263.02,27488.7,0
2010-04-30,2010,4,April,Austria,1,1388.54,0.0,1388.54,0
2010-04-30,2010,4,April,EIRE,2,674.36,-36.4,637.96,0
2010-04-30,2010,4,April,Germany,1,395.35,0.0,395.35,0
2010-04-30,2010,4,April,Netherlands,1,1354.5,0.0,1354.5,0
2010-04-30,2010,4,April,United Kingdom,88,24703.73,-991.2,23712.53,0
2010-05-02,2010,5,May,EIRE,1,1098.27,0.0,1098.27,0
2010-05-02,2010,5,May,Germany,1,231.85,0.0,231.85,0
2010-05-02,2010,5,May,Netherlands,1,133.8,0.0,133.8,0
2010-05-02,2010,5,May,United Kingdom,40,10903.91,-333.95,10569.96,0
2010-05-04,2010,5,May,EIRE,3,964.0,-3.95,960.05,0
2010-05-04,2010,5,May,Finland,1,0.0,-19.8,-19.8,0
2010-05-04,2010,5,May,Germany,2,0.0,-75.2,-75.2,0
2010-05-04,2010,5,May,Italy,1,1008.95,0.0,1008.95,0
2010-05-04,2010,5,May,Spain,3,2129.65,0.0,2129.65,0
2010-05-04,2010,5,May,United Kingdom,88,18373.1,-518.7,17854.4,0
2010-05-05,2010,5,May,Belgium,1,0.0,-13.2,-13.2,0
2010-05-05,2010,5,May,Channel Islands,3,1194.48,-9.19,1185.29,0
2010-05-05,2010,5,May,Germany,1,396.3,0.0,396.3,0
2010-05-05,2010,5,May,United Kingdom,111,26268.71,-1267.58,25001.13,0
2010-05-06,2010,5,May,Australia,1,461.62,0.0,461.62,0
2010-05-06,2010,5,May,EIRE,2,3449.0,0.0,3449.0,0
2010-05-06,2010,5,May,France,5,8490.9,0.0,8490.9,0
2010-05-06,2010,5,May,Germany,2,2172.49,0.0,2172.49,0
2010-05-06,2010,5,May,Netherlands,3,18002.0,0.0,18002.0,0
2010-05-06,2010,5,May,United Kingdom,111,21023.77,-1090.57,19933.2,0
2010-05-07,2010,5,May,France,2,830.01,0.0,830.01,0
2010-05-07,2010,5,May,United Kingdom,86,34932.09,-826.45,34105.64,0
2010-05-09,2010,5,May,Belgium,1,98.15,0.0,98.15,0
2010-05-09,2010,5,May,EIRE,3,4835.22,0.0,4835.22,0
2010-05-09,2010,5,May,United Kingdom,60,18190.68,-53.15,18137.53,0
2010-05-10,2010,5,May,Bahrain,1,97.75,0.0,97.75,0
2010-05-10,2010,5,May,EIRE,2,1434.77,0.0,1434.77,0
2010-05-10,2010,5,May,France,1,151.52,0.0,151.52,0
2010-05-10,2010,5,May,Germany,1,0.0,-36.55,-36.55,0
2010-05-10,2010,5,May,Italy,1,945.75,0.0,945.75,0
2010-05-10,2010,5,May,Netherlands,1,821.6,0.0,821.6,0
2010-05-10,2010,5,May,United Kingdom,113,28628.7,-2499.82,26128.88,0
2010-05-11,2010,5,May,Cyprus,1,515.61,0.0,515.61,0
2010-05-11,2010,5,May,EIRE,1,927.55,0.0,927.55,0
2010-05-11,2010,5,May,Finland,1,837.11,0.0,837.11,0
2010-05-11,2010,5,May,France,1,499.48,0.0,499.48,0
2010-05-11,2010,5,May,Germany,1,259.74,0.0,259.74,0
2010-05-11,2010,5,May,USA,1,324.51,0.0,324.51,0
2010-05-11,2010,5,May,United Kingdom,174,25416.12,-72.8,25343.32,0
2010-05-12,2010,5,May,France,1,344.87,0.0,344.87,0
2010-05-12,2010,5,May,Germany,1,637.2,0.0,637.2,0
2010-05-12,2010,5,May,Greece,1,413.56,0.0,413.56,0
2010-05-12,2010,5,May,Sweden,10,3556.76,0.0,3556.76,0
2010-05-12,2010,5,May,Switzerland,1,535.37,0.0,535.37,0
2010-05-12,2010,5,May,United Kingdom,123,25842.7,-122.7,25720.0,0
2010-05-13,2010,5,May,EIRE,1,1466.38,0.0,1466.38,0
2010-05-13,2010,5,May,France,2,732.42,-29.7,702.72,0
2010-05-13,2010,5,May,Germany,1,755.42,0.0,755.42,0
2010-05-13,2010,5,May,Spain,2,724.93,0.0,724.93,0
2010-05-13,2010,5,May,USA,1,91.8,0.0,91.8,0
2010-05-13,2010,5,May,United Kingdom,88,37294.1,-12668.77,24625.33,0
2010-05-14,2010,5,May,EIRE,1,0.0,-13.45,-13.45,0
2010-05-14,2010,5,May,France,1,0.0,-10.85,-10.85,0
2010-05-14,2010,5,May,Germany,3,0.0,-166.05,-166.05,0
2010-05-14,2010,5,May,United Kingdom,101,18895.91,-6760.86,12135.05,0
2010-05-16,2010,5,May,France,1,1209.14,0.0,1209.14,0
2010-05-16,2010,5,May,Netherlands,1,1489.46,0.0,1489.46,0
2010-05-16,2010,5,May,United Kingdom,45,15766.89,-346.34,15420.55,0
2010-05-17,2010,5,May,EIRE,1,966.57,0.0,966.57,0
2010-05-17,2010,5,May,Germany,1,648.58,0.0,648.58,0
2010-05-17,2010,5,May,Italy,1,220.0,0.0,220.0,0
2010-05-17,2010,5,May,United Kingdom,142,23727.37,-1275.48,22451.89,0
2010-05-18,2010,5,May,Germany,2,241.4,-24.4,217.0,0
2010-05-18,2010,5,May,Italy,1,200.0,0.0,200.0,0
2010-05-18,2010,5,May,Switzerland,1,595.17,0.0,595.17,0
2010-05-18,2010,5,May,United Kingdom,87,27970.09,-1605.04,26365.05,0
2010-05-19,2010,5,May,Channel Islands,1,782.8,0.0,782.8,0
2010-05-19,2010,5,May,EIRE,1,0.0,-54.02,-54.02,0
2010-05-19,2010,5,May,France,1,0.0,-15.1,-15.1,0
2010-05-19,2010,5,May,Germany,1,0.0,-10.95,-10.95,0
2010-05-19,2010,5,May,United Kingdom,76,17048.28,-624.26,16424.02,0
2010-05-20,2010,5,May,EIRE,2,661.4,0.0,661.4,0
2010-05-20,2010,5,May,Germany,2,282.75,-14.4,268.35,0
2010-05-20,2010,5,May,Switzerland,1,404.44,0.0,404.44,0
2010-05-20,2010,5,May,United Kingdom,81,24426.04,-732.39,23693.65,0
2010-05-21,2010,5,May,Australia,2,791.16,0.0,791.16,0
2010-05-21,2010,5,May,Bahrain,1,488.21,0.0,488.21,0
2010-05-21,2010,5,May,Channel Islands,1,0.0,-12.75,-12.75,0
2010-05-21,2010,5,May,EIRE,1,1109.75,0.0,1109.75,0
2010-05-21,2010,5,May,France,1,300.6,0.0,300.6,0
2010-05-21,2010,5,May,Germany,2,1953.4,0.0,1953.4,0
2010-05-21,2010,5,May,Greece,1,2062.66,0.0,2062.66,0
2010-05-21,2010,5,May,Italy,1,0.0,-10.95,-10.95,0
2010-05-21,2010,5,May,United Kingdom,114,20635.14,-455.02,20180.12,0
2010-05-23,2010,5,May,Germany,1,295.85,0.0,295.85,0
2010-05-23,2010,5,May,Portugal,1,632.95,0.0,632.95,0
2010-05-23,2010,5,May,Switzerland,1,6802.48,0.0,6802.48,0
2010-05-23,2010,5,May,United Kingdom,50,17720.69,-418.54,17302.15,0
2010-05-24,2010,5,May,Australia,1,59.92,0.0,59.92,0
2010-05-24,2010,5,May,EIRE,1,550.42,0.0,550.42,0
2010-05-24,2010,5,May,Germany,1,394.32,0.0,394.32,0
2010-05-24,2010,5,May,Netherlands,1,1195.42,0.0,1195.42,0
2010-05-24,2010,5,May,Portugal,2,124.25,-124.25,0.0,0
2010-05-24,2010,5,May,United Kingdom,92,33507.0,-865.7,32641.3,0
2010-05-25,2010,5,May,Austria,2,622.04,-40.0,582.04,0
2010-05-25,2010,5,May,Channel Islands,2,1078.81,-33.9,1044.91,0
2010-05-25,2010,5,May,EIRE,1,0.0,-22.2,-22.2,0
2010-05-25,2010,5,May,Netherlands,1,774.25,0.0,774.25,0
2010-05-25,2010,5,May,Switzerland,1,80.0,0.0,80.0,0
2010-05-25,2010,5,May,United Kingdom,148,19900.3,-626.46,19273.84,0
2010-05-26,2010,5,May,Channel Islands,2,2322.43,0.0,2322.43,0
2010-05-26,2010,5,May,EIRE,1,1389.26,0.0,1389.26,0
2010-05-26,2010,5,May,France,2,1308.01,0.0,1308.01,0
2010-05-26,2010,5,May,Germany,2,0.0,-66.0,-66.0,0
2010-05-26,2010,5,May,Italy,1,0.0,-12.75,-12.75,0
2010-05-26,2010,5,May,Switzerland,1,1407.7,0.0,1407.7,0
2010-05-26,2010,5,May,United Kingdom,108,29594.33,-257.32,29337.01,0
2010-05-27,2010,5,May,Germany,2,305.2,-11.9,293.3,0
2010-05-27,2010,5,May,Switzerland,1,0.0,-15.0,-15.0,0
2010-05-27,2010,5,May,United Kingdom,97,30664.73,-70.77,30593.96,0
2010-05-28,2010,5,May,France,2,91.2,-456.0,-364.8,0
2010-05-28,2010,5,May,Germany,2,533.86,0.0,533.86,0
2010-05-28,2010,5,May,United Kingdom,95,21281.14,-4178.12,17103.02,0
2010-05-30,2010,5,May,United Kingdom,35,10814.96,-108.65,10706.31,0
2010-06-01,2010,6,June,France,1,147.4,0.0,147.4,0
2010-06-01,2010,6,June,Germany,2,301.5,-52.69,248.81,0
2010-06-01,2010,6,June,United Kingdom,50,15279.3,-35.7,15243.6,0
2010-06-02,2010,6,June,France,3,389.2,0.0,389.2,0
2010-06-02,2010,6,June,United Kingdom,51,15847.09,-103.42,15743.67,0
2010-06-03,2010,6,June,Belgium,1,489.26,0.0,489.26,0
2010-06-03,2010,6,June,Channel Islands,1,0.0,-95.85,-95.85,0
2010-06-03,2010,6,June,EIRE,3,2019.81,0.0,2019.81,0
2010-06-03,2010,6,June,France,4,801.62,-18.6,783.02,0
2010-06-03,2010,6,June,Netherlands,2,4572.62,0.0,4572.62,0
2010-06-03,2010,6,June,United Kingdom,101,21767.04,-2393.19,19373.85,0
2010-06-04,2010,6,June,Australia,1,0.0,-25.5,-25.5,0
2010-06-04,2010,6,June,France,1,244.88,0.0,244.88,0
2010-06-04,2010,6,June,Germany,1,620.6,0.0,620.6,0
2010-06-04,2010,6,June,Italy,1,12.75,0.0,12.75,0
2010-06-04,2010,6,June,Portugal,1,0.0,-22.25,-22.25,0
2010-06-04,2010,6,June,United Kingdom,137,20392.4,-5.45,20386.95,0
2010-06-06,2010,6,June,France,1,573.86,0.0,573.86,0
2010-06-06,2010,6,June,Germany,1,1081.33,0.0,1081.33,0
2010-06-06,2010,6,June,United Kingdom,74,24028.31,-262.92,23765.39,0
2010-06-07,2010,6,June,Austria,1,268.1,0.0,268.1,0
2010-06-07,2010,6,June,Germany,6,2305.88,-285.75,2020.13,0
2010-06-07,2010,6,June,United Kingdom,112,47175.96,-4138.3,43037.66,0
2010-06-08,2010,6,June,Germany,4,1778.35,0.0,1778.35,0
2010-06-08,2010,6,June,Switzerland,2,211.2,-211.2,0.0,0
2010-06-08,2010,6,June,United Kingdom,111,50427.96,-590.75,49837.21,0
2010-06-09,2010,6,June,Australia,1,446.54,0.0,446.54,0
2010-06-09,2010,6,June,France,1,89.2,0.0,89.2,0
2010-06-09,2010,6,June,Portugal,1,1590.11,0.0,1590.11,0
2010-06-09,2010,6,June,Sweden,1,206.2,0.0,206.2,0
2010-06-09,2010,6,June,USA,1,360.0,0.0,360.0,0
2010-06-09,2010,6,June,United Kingdom,91,35718.79,-789.2,34929.59,0
2010-06-10,2010,6,June,EIRE,1,0.0,-46.8,-46.8,0
2010-06-10,2010,6,June,France,4,689.95,-101.4,588.55,0
2010-06-10,2010,6,June,Germany,1,249.78,0.0,249.78,0
2010-06-10,2010,6,June,United Kingdom,90,17193.29,-2382.49,14810.8,0
2010-06-11,2010,6,June,Denmark,2,1407.36,0.0,1407.36,0
2010-06-11,2010,6,June,EIRE,2,2164.68,0.0,2164.68,0
2010-06-11,2010,6,June,France,1,851.93,0.0,851.93,0
2010-06-11,2010,6,June,Spain,1,1708.56,0.0,1708.56,0
2010-06-11,2010,6,June,United Kingdom,84,27058.05,-207.55,26850.5,0
2010-06-13,2010,6,June,Finland,1,534.14,0.0,534.14,0
2010-06-13,2010,6,June,Germany,2,458.88,0.0,458.88,0
2010-06-13,2010,6,June,United Kingdom,75,20623.42,-135.6,20487.82,0
2010-06-14,2010,6,June,EIRE,3,3771.31,0.0,3771.31,0
2010-06-14,2010,6,June,France,2,1203.4,0.0,1203.4,0
2010-06-14,2010,6,June,Italy,1,254.7,0.0,254.7,0
2010-06-14,2010,6,June,United Kingdom,69,18966.0,-953.26,18012.74,0
2010-06-15,2010,6,June,EIRE,2,7896.14,-73.55,7822.59,0
2010-06-15,2010,6,June,Germany,2,2776.08,0.0,2776.08,0
2010-06-15,2010,6,June,United Kingdom,72,19662.37,-701.79,18960.58,0
2010-06-16,2010,6,June,EIRE,1,167.45,0.0,167.45,0
2010-06-16,2010,6,June,Germany,1,787.17,0.0,787.17,0
2010-06-16,2010,6,June,Spain,1,623.64,0.0,623.64,0
2010-06-16,2010,6,June,United Kingdom,89,29746.77,-127.99,29618.78,0
2010-06-17,2010,6,June,Belgium,1,346.25,0.0,346.25,0
2010-06-17,2010,6,June,Denmark,1,617.27,0.0,617.27,0
2010-06-17,2010,6,June,EIRE,3,783.51,0.0,783.51,0
2010-06-17,2010,6,June,France,1,1212.4,0.0,1212.4,0
2010-06-17,2010,6,June,United Kingdom,86,21315.14,-296.46,21018.68,0
2010-06-18,2010,6,June,Denmark,1,670.88,0.0,670.88,0
2010-06-18,2010,6,June,Netherlands,2,4521.71,0.0,4521.71,0
2010-06-18,2010,6,June,United Kingdom,61,13359.57,-166.59,13192.98,0
2010-06-20,2010,6,June,EIRE,1,935.4,0.0,935.4,0
2010-06-20,2010,6,June,Germany,1,805.74,0.0,805.74,0
2010-06-20,2010,6,June,United Kingdom,25,7372.29,-12.75,7359.54,0
2010-06-21,2010,6,June,Thailand,1,1956.84,0.0,1956.84,0
2010-06-21,2010,6,June,United Kingdom,51,19202.02,-10.95,19191.07,0
2010-06-22,2010,6,June,Cyprus,1,489.8,0.0,489.8,0
2010-06-22,2010,6,June,EIRE,1,302.0,0.0,302.0,0
2010-06-22,2010,6,June,France,1,571.4,0.0,571.4,0
2010-06-22,2010,6,June,Netherlands,2,98.7,-68.0,30.7,0
2010-06-22,2010,6,June,Portugal,1,421.55,0.0,421.55,0
2010-06-22,2010,6,June,USA,1,130.0,0.0,130.0,0
2010-06-22,2010,6,June,United Kingdom,39,12736.23,-16.6,12719.63,0
2010-06-23,2010,6,June,Australia,1,441.5,0.0,441.5,0
2010-06-23,2010,6,June,Belgium,1,367.48,0.0,367.48,0
2010-06-23,2010,6,June,EIRE,3,2037.11,0.0,2037.11,0
2010-06-23,2010,6,June,Japan,1,375.33,0.0,375.33,0
2010-06-23,2010,6,June,Portugal,1,426.47,0.0,426.47,0
2010-06-23,2010,6,June,United Kingdom,63,24194.97,-2.55,24192.42,0
2010-06-24,2010,6,June,Channel Islands,1,845.0,0.0,845.0,0
2010-06-24,2010,6,June,Denmark,1,0.0,-5.9,-5.9,0
2010-06-24,2010,6,June,EIRE,2,657.39,-49.05,608.34,0
2010-06-24,2010,6,June,France,1,610.26,0.0,610.26,0
2010-06-24,2010,6,June,Germany,1,1544.87,0.0,1544.87,0
2010-06-24,2010,6,June,Hong Kong,1,1685.65,0.0,1685.65,0
2010-06-24,2010,6,June,Poland,1,556.16,0.0,556.16,0
2010-06-24,2010,6,June,USA,1,236.07,0.0,236.07,0
2010-06-24,2010,6,June,United Kingdom,109,19029.6,-1585.82,17443.78,0
2010-06-25,2010,6,June,Bahrain,1,463.28,0.0,463.28,0
2010-06-25,2010,6,June,EIRE,1,837.31,0.0,837.31,0
2010-06-25,2010,6,June,United Kingdom,50,16418.83,-15.25,16403.58,0
2010-06-27,2010,6,June,United Kingdom,62,18834.32,-1262.5,17571.82,0
2010-06-28,2010,6,June,Belgium,1,0.0,-9.95,-9.95,0
2010-06-28,2010,6,June,Germany,4,481.08,-76.0,405.08,0
2010-06-28,2010,6,June,Japan,1,219.35,0.0,219.35,0
2010-06-28,2010,6,June,Netherlands,3,14870.38,-54.5,14815.88,0
2010-06-28,2010,6,June,Portugal,1,1230.33,0.0,1230.33,0
2010-06-28,2010,6,June,Sweden,1,708.1,0.0,708.1,0
2010-06-28,2010,6,June,Switzerland,1,2151.27,0.0,2151.27,0
2010-06-28,2010,6,June,USA,1,170.0,0.0,170.0,0
2010-06-28,2010,6,June,United Kingdom,67,34158.01,-8494.59,25663.42,0
2010-06-29,2010,6,June,Belgium,4,2597.35,-240.0,2357.35,0
2010-06-29,2010,6,June,EIRE,1,142.8,0.0,142.8,0
2010-06-29,2010,6,June,France,4,980.98,0.0,980.98,0
2010-06-29,2010,6,June,Germany,3,1006.8,0.0,1006.8,0
2010-06-29,2010,6,June,Netherlands,1,161.1,0.0,161.1,0
2010-06-29,2010,6,June,United Kingdom,76,30247.93,-332.0,29915.93,0
2010-06-30,2010,6,June,Australia,1,2326.74,0.0,2326.74,0
2010-06-30,2010,6,June,Belgium,1,0.0,-15.0,-15.0,0
2010-06-30,2010,6,June,EIRE,4,1134.3,-117.05,1017.25,0
2010-06-30,2010,6,June,France,1,806.06,0.0,806.06,0
2010-06-30,2010,6,June,Germany,4,1480.57,-18.0,1462.57,0
2010-06-30,2010,6,June,Greece,1,302.4,0.0,302.4,0
2010-06-30,2010,6,June,Japan,1,0.0,-55.0,-55.0,0
2010-06-30,2010,6,June,United Kingdom,130,28564.94,-2709.6,25855.34,0
2010-07-01,2010,7,July,Australia,1,0.0,-27.0,-27.0,0
2010-07-01,2010,7,July,EIRE,1,914.33,0.0,914.33,0
2010-07-01,2010,7,July,France,1,341.8,0.0,341.8,0
2010-07-01,2010,7,July,Germany,2,986.96,0.0,986.96,0
2010-07-01,2010,7,July,Israel,1,1950.98,0.0,1950.98,0
2010-07-01,2010,7,July,Netherlands,1,222.4,0.0,222.4,0
2010-07-01,2010,7,July,Poland,1,374.75,0.0,374.75,0
2010-07-01,2010,7,July,United Kingdom,88,25425.39,-255.81,25169.58,0
2010-07-02,2010,7,July,Germany,2,4681.02,0.0,4681.02,0
2010-07-02,2010,7,July,Poland,1,0.0,-1.45,-1.45,0
2010-07-02,2010,7,July,Switzerland,7,423.61,-155.88,267.73,0
2010-07-02,2010,7,July,United Kingdom,47,11778.04,-92.55,11685.49,0
2010-07-04,2010,7,July,United Kingdom,22,10493.66,-7.95,10485.71,0
2010-07-05,2010,7,July,EIRE,1,524.3,0.0,524.3,0
2010-07-05,2010,7,July,France,3,534.72,-13.2,521.52,0
2010-07-05,2010,7,July,Germany,3,724.85,-14.85,710.0,0
2010-07-05,2010,7,July,Japan,2,18.3,-18.3,0.0,0
2010-07-05,2010,7,July,Thailand,1,1113.7,0.0,1113.7,0
2010-07-05,2010,7,July,United Kingdom,117,29979.33,-531.64,29447.69,0
2010-07-06,2010,7,July,Australia,1,294.88,0.0,294.88,0
2010-07-06,2010,7,July,Belgium,1,219.9,0.0,219.9,0
2010-07-06,2010,7,July,Denmark,1,591.66,0.0,591.66,0
2010-07-06,2010,7,July,EIRE,1,423.9,0.0,423.9,0
2010-07-06,2010,7,July,France,1,816.6,0.0,816.6,0
2010-07-06,2010,7,July,Germany,3,829.25,-87.95,741.3,0
2010-07-06,2010,7,July,United Kingdom,55,20327.8,-116.95,20210.85,0
2010-07-07,2010,7,July,EIRE,3,3556.3,0.0,3556.3,0
2010-07-07,2010,7,July,France,1,554.8,0.0,554.8,0
2010-07-07,2010,7,July,Germany,1,410.56,0.0,410.56,0
2010-07-07,2010,7,July,Netherlands,1,496.45,0.0,496.45,0
2010-07-07,2010,7,July,United Kingdom,91,27234.88,-419.95,26814.93,0
2010-07-08,2010,7,July,Belgium,1,333.47,0.0,333.47,0
2010-07-08,2010,7,July,Germany,4,1673.64,-17.85,1655.79,0
2010-07-08,2010,7,July,Portugal,1,288.1,0.0,288.1,0
2010-07-08,2010,7,July,United Kingdom,90,17291.4,-315.95,16975.45,0
2010-07-09,2010,7,July,EIRE,3,19398.77,0.0,19398.77,0
2010-07-09,2010,7,July,Germany,1,702.9,0.0,702.9,0
2010-07-09,2010,7,July,Poland,1,0.0,-32.3,-32.3,0
2010-07-09,2010,7,July,United Kingdom,49,17170.27,-3481.36,13688.91,0
2010-07-11,2010,7,July,United Kingdom,29,7856.43,-2.9,7853.53,0
2010-07-12,2010,7,July,EIRE,2,1039.39,0.0,1039.39,0
2010-07-12,2010,7,July,Germany,1,664.58,0.0,664.58,0
2010-07-12,2010,7,July,United Kingdom,62,18171.93,-284.9,17887.03,0
2010-07-13,2010,7,July,EIRE,2,1479.79,0.0,1479.79,0
2010-07-13,2010,7,July,Finland,1,639.08,0.0,639.08,0
2010-07-13,2010,7,July,United Kingdom,59,17747.58,-348.54,17399.04,0
2010-07-13,2010,7,July,Unspecified,1,1189.94,0.0,1189.94,0
2010-07-14,2010,7,July,Australia,1,0.0,-25.5,-25.5,0
2010-07-14,2010,7,July,EIRE,4,1999.32,-1.7,1997.62,0
2010-07-14,2010,7,July,Germany,2,0.0,-11.2,-11.2,0
2010-07-14,2010,7,July,Lithuania,1,1706.23,0.0,1706.23,0
2010-07-14,2010,7,July,United Kingdom,97,18942.37,-1230.89,17711.48,0
2010-07-14,2010,7,July,Unspecified,1,1189.94,0.0,1189.94,0
2010-07-15,2010,7,July,EIRE,1,794.22,0.0,794.22,0
2010-07-15,2010,7,July,France,3,1138.99,0.0,1138.99,0
2010-07-15,2010,7,July,Netherlands,2,196.65,0.0,196.65,0
2010-07-15,2010,7,July,United Kingdom,94,54532.83,-523.43,54009.4,0
2010-07-16,2010,7,July,Australia,1,336.24,0.0,336.24,0
2010-07-16,2010,7,July,EIRE,5,1729.95,-1004.7,725.25,0
2010-07-16,2010,7,July,Germany,2,2903.71,-39.15,2864.56,0
2010-07-16,2010,7,July,United Kingdom,122,17628.64,-1076.35,16552.29,0
2010-07-18,2010,7,July,EIRE,1,567.85,0.0,567.85,0
2010-07-18,2010,7,July,Germany,1,1511.37,0.0,1511.37,0
2010-07-18,2010,7,July,United Kingdom,40,13104.94,-195.74,12909.2,0
2010-07-19,2010,7,July,Belgium,2,639.38,0.0,639.38,0
2010-07-19,2010,7,July,EIRE,1,0.0,-8.5,-8.5,0
2010-07-19,2010,7,July,Finland,1,317.15,0.0,317.15,0
2010-07-19,2010,7,July,Germany,2,124.8,-46.25,78.55,0
2010-07-19,2010,7,July,Netherlands,1,3678.86,0.0,3678.86,0
2010-07-19,2010,7,July,Sweden,1,1518.96,0.0,1518.96,0
2010-07-19,2010,7,July,United Kingdom,59,24288.46,-76.95,24211.51,0
2010-07-20,2010,7,July,EIRE,1,788.4,0.0,788.4,0
2010-07-20,2010,7,July,Germany,1,451.9,0.0,451.9,0
2010-07-20,2010,7,July,Japan,1,617.5,0.0,617.5,0
2010-07-20,2010,7,July,United Kingdom,61,22988.57,-404.95,22583.62,0
2010-07-21,2010,7,July,Belgium,1,184.55,0.0,184.55,0
2010-07-21,2010,7,July,Channel Islands,1,0.0,-20.25,-20.25,0
2010-07-21,2010,7,July,France,1,0.0,-19.2,-19.2,0
2010-07-21,2010,7,July,Germany,3,1206.61,0.0,1206.61,0
2010-07-21,2010,7,July,United Kingdom,78,21004.89,-788.77,20216.12,0
2010-07-22,2010,7,July,France,1,402.16,0.0,402.16,0
2010-07-22,2010,7,July,Germany,1,0.0,-19.8,-19.8,0
2010-07-22,2010,7,July,Netherlands,1,68.8,0.0,68.8,0
2010-07-22,2010,7,July,Spain,1,77.8,0.0,77.8,0
2010-07-22,2010,7,July,United Kingdom,101,26304.28,-683.38,25620.9,0
2010-07-23,2010,7,July,France,1,1212.0,0.0,1212.0,0
2010-07-23,2010,7,July,Germany,2,865.97,0.0,865.97,0
2010-07-23,2010,7,July,Japan,2,617.5,-617.5,0.0,0
2010-07-23,2010,7,July,United Kingdom,49,23113.49,-184.47,22929.02,0
2010-07-25,2010,7,July,Belgium,1,342.83,0.0,342.83,0
2010-07-25,2010,7,July,Channel Islands,1,0.0,-12.75,-12.75,0
2010-07-25,2010,7,July,EIRE,2,5.8,-142.8,-137.0,0
2010-07-25,2010,7,July,France,1,132.28,0.0,132.28,0
2010-07-25,2010,7,July,Netherlands,1,49.2,0.0,49.2,0
2010-07-25,2010,7,July,Switzerland,1,320.38,0.0,320.38,0
2010-07-25,2010,7,July,United Kingdom,51,16483.42,-23.65,16459.77,0
2010-07-26,2010,7,July,EIRE,1,170.63,0.0,170.63,0
2010-07-26,2010,7,July,Germany,3,1379.34,-4.95,1374.39,0
2010-07-26,2010,7,July,Netherlands,1,622.0,0.0,622.0,0
2010-07-26,2010,7,July,Switzerland,1,0.0,-21.35,-21.35,0
2010-07-26,2010,7,July,United Kingdom,68,22407.44,-1756.84,20650.6,0
2010-07-27,2010,7,July,EIRE,1,559.42,0.0,559.42,0
2010-07-27,2010,7,July,France,2,354.44,0.0,354.44,0
2010-07-27,2010,7,July,Netherlands,1,179.93,0.0,179.93,0
2010-07-27,2010,7,July,Spain,2,175.78,-5.0,170.78,0
2010-07-27,2010,7,July,Sweden,1,1071.82,0.0,1071.82,0
2010-07-27,2010,7,July,United Kingdom,76,26149.48,-1677.45,24472.03,0
2010-07-28,2010,7,July,France,2,1978.45,0.0,1978.45,0
2010-07-28,2010,7,July,Spain,1,881.23,0.0,881.23,0
2010-07-28,2010,7,July,United Kingdom,81,20484.64,-359.0,20125.64,0
2010-07-29,2010,7,July,Belgium,1,194.1,0.0,194.1,0
2010-07-29,2010,7,July,EIRE,1,0.0,-29.95,-29.95,0
2010-07-29,2010,7,July,France,3,469.9,0.0,469.9,0
2010-07-29,2010,7,July,Germany,2,441.81,-12.0,429.81,0
2010-07-29,2010,7,July,United Kingdom,92,33701.98,-555.5,33146.48,0
2010-07-30,2010,7,July,EIRE,2,1143.6,0.0,1143.6,0
2010-07-30,2010,7,July,Germany,1,0.0,-5.1,-5.1,0
2010-07-30,2010,7,July,Sweden,1,0.0,-100.8,-100.8,0
2010-07-30,2010,7,July,USA,2,507.25,-23.85,483.4,0
2010-07-30,2010,7,July,United Kingdom,63,14438.06,-325.26,14112.8,0
2010-08-01,2010,8,August,United Kingdom,36,30519.04,-204.79,30314.25,0
2010-08-02,2010,8,August,Belgium,1,251.38,0.0,251.38,0
2010-08-02,2010,8,August,Germany,2,300.43,0.0,300.43,0
2010-08-02,2010,8,August,United Kingdom,69,26743.28,-178.34,26564.94,0
2010-08-03,2010,8,August,EIRE,2,1503.55,-7.13,1496.42,0
2010-08-03,2010,8,August,Germany,1,732.61,0.0,732.61,0
2010-08-03,2010,8,August,Japan,1,0.0,-3.25,-3.25,0
2010-08-03,2010,8,August,Spain,1,125.0,0.0,125.0,0
2010-08-03,2010,8,August,United Kingdom,79,23749.53,-766.05,22983.48,0
2010-08-04,2010,8,August,France,1,220.75,0.0,220.75,0
2010-08-04,2010,8,August,Germany,1,1108.8,0.0,1108.8,0
2010-08-04,2010,8,August,Netherlands,1,359.88,0.0,359.88,0
2010-08-04,2010,8,August,United Kingdom,61,19735.71,-800.93,18934.78,0
2010-08-05,2010,8,August,EIRE,1,921.76,0.0,921.76,0
2010-08-05,2010,8,August,France,2,0.0,-421.4,-421.4,0
2010-08-05,2010,8,August,Germany,1,541.2,0.0,541.2,0
2010-08-05,2010,8,August,United Kingdom,69,23045.52,-444.6,22600.92,0
2010-08-06,2010,8,August,EIRE,1,8.5,0.0,8.5,0
2010-08-06,2010,8,August,Germany,2,982.05,0.0,982.05,0
2010-08-06,2010,8,August,United Kingdom,56,14229.05,-1574.39,12654.66,0
2010-08-08,2010,8,August,EIRE,1,751.6,0.0,751.6,0
2010-08-08,2010,8,August,United Kingdom,46,13395.54,-74.36,13321.18,0
2010-08-09,2010,8,August,Denmark,1,505.91,0.0,505.91,0
2010-08-09,2010,8,August,EIRE,2,447.1,-5.95,441.15,0
2010-08-09,2010,8,August,France,2,12726.01,0.0,12726.01,0
2010-08-09,2010,8,August,Germany,1,0.0,-13.6,-13.6,0
2010-08-09,2010,8,August,Switzerland,1,380.61,0.0,380.61,0
2010-08-09,2010,8,August,United Kingdom,67,17651.46,-435.84,17215.62,0
2010-08-10,2010,8,August,Netherlands,3,17195.4,0.0,17195.4,0
2010-08-10,2010,8,August,Switzerland,1,949.62,0.0,949.62,0
2010-08-10,2010,8,August,United Kingdom,52,17675.3,-960.73,16714.57,0
2010-08-11,2010,8,August,EIRE,2,0.0,-83.57,-83.57,0
2010-08-11,2010,8,August,Germany,2,461.67,0.0,461.67,0
2010-08-11,2010,8,August,Portugal,1,282.3,0.0,282.3,0
2010-08-11,2010,8,August,United Kingdom,46,20291.77,-47.15,20244.62,0
2010-08-12,2010,8,August,EIRE,2,806.4,-52.5,753.9,0
2010-08-12,2010,8,August,Germany,1,0.0,-6.4,-6.4,0
2010-08-12,2010,8,August,Spain,1,117.09,0.0,117.09,0
2010-08-12,2010,8,August,United Kingdom,152,28049.64,-1201.17,26848.47,0
2010-08-13,2010,8,August,EIRE,1,487.87,0.0,487.87,0
2010-08-13,2010,8,August,Germany,1,0.0,-20.45,-20.45,0
2010-08-13,2010,8,August,Spain,1,115.4,0.0,115.4,0
2010-08-13,2010,8,August,Sweden,4,564.03,-70.0,494.03,0
2010-08-13,2010,8,August,United Kingdom,100,36228.45,-894.06,35334.39,0
2010-08-15,2010,8,August,EIRE,2,1676.72,0.0,1676.72,0
2010-08-15,2010,8,August,France,1,283.8,0.0,283.8,0
2010-08-15,2010,8,August,Netherlands,1,471.15,0.0,471.15,0
2010-08-15,2010,8,August,United Kingdom,57,19735.02,-135.1,19599.92,0
2010-08-16,2010,8,August,Germany,1,509.2,0.0,509.2,0
2010-08-16,2010,8,August,Sweden,2,2138.91,0.0,2138.91,0
2010-08-16,2010,8,August,United Kingdom,70,18232.09,-182.97,18049.12,0
2010-08-17,2010,8,August,Australia,1,176.0,0.0,176.0,0
2010-08-17,2010,8,August,Denmark,1,0.0,-10.0,-10.0,0
2010-08-17,2010,8,August,Germany,1,509.95,0.0,509.95,0
2010-08-17,2010,8,August,Netherlands,1,5897.68,0.0,5897.68,0
2010-08-17,2010,8,August,United Kingdom,62,23812.0,-388.97,23423.03,0
2010-08-18,2010,8,August,EIRE,2,12969.04,0.0,12969.04,0
2010-08-18,2010,8,August,Germany,2,631.33,0.0,631.33,0
2010-08-18,2010,8,August,United Kingdom,59,23637.33,-33.4,23603.93,0
2010-08-19,2010,8,August,Denmark,1,1838.32,0.0,1838.32,0
2010-08-19,2010,8,August,EIRE,4,1631.64,0.0,1631.64,0
2010-08-19,2010,8,August,Germany,1,671.25,0.0,671.25,0
2010-08-19,2010,8,August,Spain,1,0.0,-16.5,-16.5,0
2010-08-19,2010,8,August,Sweden,1,0.0,-39.95,-39.95,0
2010-08-19,2010,8,August,United Arab Emirates,1,2047.28,0.0,2047.28,0
2010-08-19,2010,8,August,United Kingdom,75,26847.76,-371.4,26476.36,0
2010-08-20,2010,8,August,Austria,1,1043.15,0.0,1043.15,0
2010-08-20,2010,8,August,Channel Islands,1,495.0,0.0,495.0,0
2010-08-20,2010,8,August,EIRE,4,1245.68,0.0,1245.68,0
2010-08-20,2010,8,August,Germany,2,385.7,-15.0,370.7,0
2010-08-20,2010,8,August,Netherlands,1,180.0,0.0,180.0,0
2010-08-20,2010,8,August,Nigeria,1,112.57,0.0,112.57,0
2010-08-20,2010,8,August,Norway,1,152.4,0.0,152.4,0
2010-08-20,2010,8,August,Switzerland,1,722.82,0.0,722.82,0
2010-08-20,2010,8,August,United Kingdom,53,21210.95,-287.17,20923.78,0
2010-08-22,2010,8,August,Belgium,1,325.4,0.0,325.4,0
2010-08-22,2010,8,August,EIRE,1,908.8,0.0,908.8,0
2010-08-22,2010,8,August,Germany,2,471.8,0.0,471.8,0
2010-08-22,2010,8,August,Spain,1,148.42,0.0,148.42,0
2010-08-22,2010,8,August,United Kingdom,59,20912.39,-63.6,20848.79,0
2010-08-23,2010,8,August,EIRE,3,761.59,0.0,761.59,0
2010-08-23,2010,8,August,France,1,1720.24,0.0,1720.24,0
2010-08-23,2010,8,August,Greece,1,721.71,0.0,721.71,0
2010-08-23,2010,8,August,United Kingdom,56,18161.3,-265.48,17895.82,0
2010-08-23,2010,8,August,West Indies,1,536.41,0.0,536.41,0
2010-08-24,2010,8,August,EIRE,2,310.86,-27.75,283.11,0
2010-08-24,2010,8,August,Germany,3,881.8,-23.85,857.95,0
2010-08-24,2010,8,August,Netherlands,1,294.0,0.0,294.0,0
2010-08-24,2010,8,August,United Kingdom,68,25998.43,-1964.61,24033.82,0
2010-08-25,2010,8,August,France,3,1368.5,0.0,1368.5,0
2010-08-25,2010,8,August,Germany,2,669.73,0.0,669.73,0
2010-08-25,2010,8,August,Switzerland,1,0.0,-59.4,-59.4,0
2010-08-25,2010,8,August,United Kingdom,97,29676.38,-793.55,28882.83,0
2010-08-26,2010,8,August,Channel Islands,1,868.14,0.0,868.14,0
2010-08-26,2010,8,August,EIRE,1,426.93,0.0,426.93,0
2010-08-26,2010,8,August,Germany,2,699.8,-15.9,683.9,0
2010-08-26,2010,8,August,Netherlands,1,483.49,0.0,483.49,0
2010-08-26,2010,8,August,Poland,1,527.44,0.0,527.44,0
2010-08-26,2010,8,August,Portugal,1,180.92,0.0,180.92,0
2010-08-26,2010,8,August,United Kingdom,92,32141.74,-740.63,31401.11,0
2010-08-27,2010,8,August,Malta,1,1868.56,0.0,1868.56,0
2010-08-27,2010,8,August,United Kingdom,44,13468.93,-19258.33,-5789.4,0
2010-08-29,2010,8,August,United Kingdom,40,14487.43,-6.35,14481.08,0
2010-08-31,2010,8,August,Belgium,1,1136.84,0.0,1136.84,0
2010-08-31,2010,8,August,Denmark,1,298.8,0.0,298.8,0
2010-08-31,2010,8,August,EIRE,2,1147.67,0.0,1147.67,0
2010-08-31,2010,8,August,France,2,251.02,0.0,251.02,0
2010-08-31,2010,8,August,Germany,3,360.8,-75.85,284.95,0
2010-08-31,2010,8,August,Netherlands,2,147.09,-226.2,-79.11,0
2010-08-31,2010,8,August,Spain,1,794.08,0.0,794.08,0
2010-08-31,2010,8,August,United Kingdom,61,29959.61,-190.62,29768.99,0
2010-09-01,2010,9,September,Cyprus,1,410.34,0.0,410.34,0
2010-09-01,2010,9,September,EIRE,1,0.0,-72.5,-72.5,0
2010-09-01,2010,9,September,France,1,0.0,-52.1,-52.1,0
2010-09-01,2010,9,September,Germany,5,975.92,-88.49,887.43,0
2010-09-01,2010,9,September,Netherlands,3,6585.79,-51.0,6534.79,0
2010-09-01,2010,9,September,Portugal,1,0.0,-19.8,-19.8,0
2010-09-01,2010,9,September,United Arab Emirates,2,383.24,0.0,383.24,0
2010-09-01,2010,9,September,United Kingdom,68,14421.61,-624.36,13797.25,0
2010-09-01,2010,9,September,Unspecified,2,590.65,-10.2,580.45,0
2010-09-02,2010,9,September,Australia,1,127.0,0.0,127.0,0
2010-09-02,2010,9,September,Austria,2,130.0,-130.0,0.0,0
2010-09-02,2010,9,September,EIRE,1,783.84,0.0,783.84,0
2010-09-02,2010,9,September,France,4,2178.05,0.0,2178.05,0
2010-09-02,2010,9,September,Germany,1,103.0,0.0,103.0,0
2010-09-02,2010,9,September,Netherlands,2,5154.12,0.0,5154.12,0
2010-09-02,2010,9,September,Switzerland,2,1483.09,0.0,1483.09,0
2010-09-02,2010,9,September,United Kingdom,84,25217.37,-425.45,24791.92,0
2010-09-03,2010,9,September,Austria,1,290.69,0.0,290.69,0
2010-09-03,2010,9,September,Belgium,1,114.0,0.0,114.0,0
2010-09-03,2010,9,September,France,2,1184.82,0.0,1184.82,0
2010-09-03,2010,9,September,Portugal,1,189.65,0.0,189.65,0
2010-09-03,2010,9,September,Spain,1,0.0,-14.85,-14.85,0
2010-09-03,2010,9,September,United Kingdom,72,35478.98,-389.64,35089.34,0
2010-09-05,2010,9,September,Cyprus,1,127.05,0.0,127.05,0
2010-09-05,2010,9,September,EIRE,1,1102.59,0.0,1102.59,0
2010-09-05,2010,9,September,France,1,170.3,0.0,170.3,0
2010-09-05,2010,9,September,Germany,1,619.14,0.0,619.14,0
2010-09-05,2010,9,September,United Kingdom,32,10354.67,-18.95,10335.72,0
2010-09-06,2010,9,September,Channel Islands,1,750.9,0.0,750.9,0
2010-09-06,2010,9,September,EIRE,1,559.3,0.0,559.3,0
2010-09-06,2010,9,September,France,1,434.02,0.0,434.02,0
2010-09-06,2010,9,September,Germany,1,468.0,0.0,468.0,0
2010-09-06,2010,9,September,Poland,2,168.6,-186.4,-17.8,0
2010-09-06,2010,9,September,Portugal,1,1095.95,0.0,1095.95,0
2010-09-06,2010,9,September,Singapore,3,2784.82,0.0,2784.82,0
2010-09-06,2010,9,September,Spain,1,781.22,0.0,781.22,0
2010-09-06,2010,9,September,Sweden,1,2204.76,0.0,2204.76,0
2010-09-06,2010,9,September,United Kingdom,60,19538.06,-52.65,19485.41,0
2010-09-07,2010,9,September,EIRE,1,812.13,0.0,812.13,0
2010-09-07,2010,9,September,France,1,268.31,0.0,268.31,0
2010-09-07,2010,9,September,Germany,1,256.99,0.0,256.99,0
2010-09-07,2010,9,September,Netherlands,1,1620.0,0.0,1620.0,0
2010-09-07,2010,9,September,Poland,1,180.87,0.0,180.87,0
2010-09-07,2010,9,September,United Kingdom,50,24354.81,-16.8,24338.01,0
2010-09-08,2010,9,September,Austria,1,0.0,-91.05,-91.05,0
2010-09-08,2010,9,September,EIRE,2,1389.46,0.0,1389.46,0
2010-09-08,2010,9,September,France,1,281.02,0.0,281.02,0
2010-09-08,2010,9,September,Germany,2,620.48,0.0,620.48,0
2010-09-08,2010,9,September,Italy,1,368.7,0.0,368.7,0
2010-09-08,2010,9,September,United Kingdom,56,14951.21,-121.92,14829.29,0
2010-09-09,2010,9,September,Belgium,1,326.65,0.0,326.65,0
2010-09-09,2010,9,September,EIRE,1,0.0,-11.56,-11.56,0
2010-09-09,2010,9,September,Finland,1,642.52,0.0,642.52,0
2010-09-09,2010,9,September,France,4,3703.77,0.0,3703.77,0
2010-09-09,2010,9,September,Germany,4,1270.65,-34.0,1236.65,0
2010-09-09,2010,9,September,Japan,1,1895.0,0.0,1895.0,0
2010-09-09,2010,9,September,United Kingdom,84,17343.37,-713.16,16630.21,0
2010-09-10,2010,9,September,France,1,0.0,-80.85,-80.85,0
2010-09-10,2010,9,September,Germany,1,675.17,0.0,675.17,0
2010-09-10,2010,9,September,Netherlands,1,347.8,0.0,347.8,0
2010-09-10,2010,9,September,United Kingdom,47,16564.3,-1004.9,15559.4,0
2010-09-12,2010,9,September,EIRE,1,563.9,0.0,563.9,0
2010-09-12,2010,9,September,United Kingdom,47,13802.64,-7.95,13794.69,0
2010-09-12,2010,9,September,Unspecified,1,1387.5,0.0,1387.5,0
2010-09-13,2010,9,September,EIRE,3,1986.28,-8.85,1977.43,0
2010-09-13,2010,9,September,France,1,0.0,-22.7,-22.7,0
2010-09-13,2010,9,September,Germany,4,642.77,-27.95,614.82,0
2010-09-13,2010,9,September,Lebanon,1,211.7,0.0,211.7,0
2010-09-13,2010,9,September,United Kingdom,101,35587.03,-180.67,35406.36,0
2010-09-14,2010,9,September,France,2,971.59,0.0,971.59,0
2010-09-14,2010,9,September,Germany,4,1456.14,-9.75,1446.39,0
2010-09-14,2010,9,September,Netherlands,1,177.41,0.0,177.41,0
2010-09-14,2010,9,September,Spain,1,105.6,0.0,105.6,0
2010-09-14,2010,9,September,Sweden,1,417.2,0.0,417.2,0
2010-09-14,2010,9,September,USA,1,0.0,-74.2,-74.2,0
2010-09-14,2010,9,September,United Kingdom,56,18118.99,-18.99,18100.0,0
2010-09-15,2010,9,September,Belgium,2,465.46,0.0,465.46,0
2010-09-15,2010,9,September,EIRE,1,5099.44,0.0,5099.44,0
2010-09-15,2010,9,September,France,1,18.0,0.0,18.0,0
2010-09-15,2010,9,September,Germany,2,3676.33,0.0,3676.33,0
2010-09-15,2010,9,September,Korea,1,168.69,0.0,168.69,0
2010-09-15,2010,9,September,Netherlands,1,4422.25,0.0,4422.25,0
2010-09-15,2010,9,September,Spain,1,497.34,0.0,497.34,0
2010-09-15,2010,9,September,Switzerland,1,358.67,0.0,358.67,0
2010-09-15,2010,9,September,United Kingdom,83,20131.67,-280.6,19851.07,0
2010-09-16,2010,9,September,Austria,1,1259.48,0.0,1259.48,0
2010-09-16,2010,9,September,EIRE,2,1982.43,0.0,1982.43,0
2010-09-16,2010,9,September,France,1,75.0,0.0,75.0,0
2010-09-16,2010,9,September,Germany,3,177.8,-49.8,128.0,0
2010-09-16,2010,9,September,Norway,1,973.69,0.0,973.69,0
2010-09-16,2010,9,September,Portugal,1,594.07,0.0,594.07,0
2010-09-16,2010,9,September,United Kingdom,103,22129.92,-662.0,21467.92,0
2010-09-17,2010,9,September,EIRE,1,0.0,-13.2,-13.2,0
2010-09-17,2010,9,September,France,1,0.0,-4.95,-4.95,0
2010-09-17,2010,9,September,Germany,1,397.82,0.0,397.82,0
2010-09-17,2010,9,September,Portugal,1,964.21,0.0,964.21,0
2010-09-17,2010,9,September,Spain,2,1448.75,0.0,1448.75,0
2010-09-17,2010,9,September,United Kingdom,74,18406.26,-749.54,17656.72,0
2010-09-19,2010,9,September,Netherlands,1,2060.26,0.0,2060.26,0
2010-09-19,2010,9,September,United Kingdom,59,21020.88,-14.95,21005.93,0
2010-09-20,2010,9,September,Australia,1,658.83,0.0,658.83,0
2010-09-20,2010,9,September,Belgium,1,284.8,0.0,284.8,0
2010-09-20,2010,9,September,Cyprus,1,483.14,0.0,483.14,0
2010-09-20,2010,9,September,EIRE,3,2122.76,0.0,2122.76,0
2010-09-20,2010,9,September,France,3,402.83,-18.0,384.83,0
2010-09-20,2010,9,September,Germany,3,1173.61,-7.5,1166.11,0
2010-09-20,2010,9,September,United Kingdom,75,37522.51,-923.36,36599.15,0
2010-09-21,2010,9,September,Brazil,1,268.27,0.0,268.27,0
2010-09-21,2010,9,September,Channel Islands,2,2620.41,0.0,2620.41,0
2010-09-21,2010,9,September,EIRE,6,3289.09,-9.7,3279.39,0
2010-09-21,2010,9,September,Germany,3,504.51,-60.4,444.11,0
2010-09-21,2010,9,September,Netherlands,1,364.41,0.0,364.41,0
2010-09-21,2010,9,September,United Kingdom,130,55896.32,-1010.4,54885.92,0
2010-09-22,2010,9,September,Channel Islands,4,885.0,-885.0,0.0,0
2010-09-22,2010,9,September,France,1,594.7,0.0,594.7,0
2010-09-22,2010,9,September,Greece,1,780.06,0.0,780.06,0
2010-09-22,2010,9,September,Italy,1,1011.86,0.0,1011.86,0
2010-09-22,2010,9,September,Spain,1,0.0,-6.4,-6.4,0
2010-09-22,2010,9,September,United Kingdom,94,27124.02,0.0,27124.02,0
2010-09-23,2010,9,September,EIRE,1,635.34,0.0,635.34,0
2010-09-23,2010,9,September,France,3,2500.58,-9.9,2490.68,0
2010-09-23,2010,9,September,United Kingdom,95,33121.39,-97.99,33023.4,0
2010-09-24,2010,9,September,Channel Islands,2,980.33,0.0,980.33,0
2010-09-24,2010,9,September,Denmark,2,1046.65,0.0,1046.65,0
2010-09-24,2010,9,September,Netherlands,2,23543.0,0.0,23543.0,0
2010-09-24,2010,9,September,Portugal,1,0.0,-17.3,-17.3,0
2010-09-24,2010,9,September,United Kingdom,69,22822.87,-782.77,22040.1,0
2010-09-26,2010,9,September,EIRE,1,237.85,0.0,237.85,0
2010-09-26,2010,9,September,Portugal,1,0.0,-17.3,-17.3,0
2010-09-26,2010,9,September,United Kingdom,74,21667.87,-482.85,21185.02,0
2010-09-27,2010,9,September,Denmark,1,678.6,0.0,678.6,0
2010-09-27,2010,9,September,EIRE,6,10094.37,-5039.08,5055.29,0
2010-09-27,2010,9,September,Finland,1,222.16,0.0,222.16,0
2010-09-27,2010,9,September,Germany,4,1422.78,-4.95,1417.83,0
2010-09-27,2010,9,September,Netherlands,2,99.72,0.0,99.72,0
2010-09-27,2010,9,September,United Kingdom,81,90428.34,-87.24,90341.1,0
2010-09-28,2010,9,September,Belgium,1,0.0,-0.85,-0.85,0
2010-09-28,2010,9,September,EIRE,2,2432.18,0.0,2432.18,0
2010-09-28,2010,9,September,France,1,0.0,-11880.84,-11880.84,0
2010-09-28,2010,9,September,Germany,3,1221.28,-20.4,1200.88,0
2010-09-28,2010,9,September,Netherlands,1,602.38,0.0,602.38,0
2010-09-28,2010,9,September,Portugal,1,17.3,0.0,17.3,0
2010-09-28,2010,9,September,United Kingdom,163,42274.7,-891.68,41383.02,0
2010-09-29,2010,9,September,EIRE,3,1021.25,0.0,1021.25,0
2010-09-29,2010,9,September,France,1,0.0,-7.65,-7.65,0
2010-09-29,2010,9,September,Germany,1,0.0,-34.75,-34.75,0
2010-09-29,2010,9,September,Spain,1,937.54,0.0,937.54,0
2010-09-29,2010,9,September,Sweden,2,277.6,0.0,277.6,0
2010-09-29,2010,9,September,United Kingdom,121,35832.59,-276.34,35556.25,0
2010-09-30,2010,9,September,Channel Islands,1,919.7,0.0,919.7,0
2010-09-30,2010,9,September,EIRE,3,2151.26,-3.4,2147.86,0
2010-09-30,2010,9,September,France,3,692.59,-73.75,618.84,0
2010-09-30,2010,9,September,Germany,4,2077.79,-27.25,2050.54,0
2010-09-30,2010,9,September,Netherlands,1,15.0,0.0,15.0,0
2010-09-30,2010,9,September,Poland,1,0.0,-17.7,-17.7,0
2010-09-30,2010,9,September,Portugal,1,103.4,0.0,103.4,0
2010-09-30,2010,9,September,Switzerland,1,632.68,0.0,632.68,0
2010-09-30,2010,9,September,United Kingdom,104,39957.82,-391.47,39566.35,0
2010-10-01,2010,10,October,Austria,1,195.6,0.0,195.6,1
2010-10-01,2010,10,October,Channel Islands,1,1616.44,0.0,1616.44,1
2010-10-01,2010,10,October,Finland,1,534.76,0.0,534.76,1
2010-10-01,2010,10,October,Germany,7,485.95,-96.28,389.67,1
2010-10-01,2010,10,October,Italy,1,0.0,-413.4,-413.4,1
2010-10-01,2010,10,October,Netherlands,2,3272.5,0.0,3272.5,1
2010-10-01,2010,10,October,Spain,1,202.06,0.0,202.06,1
2010-10-01,2010,10,October,Sweden,1,572.69,0.0,572.69,1
2010-10-01,2010,10,October,United Kingdom,73,30730.18,-230.9,30499.28,1
2010-10-03,2010,10,October,EIRE,5,9154.71,-32.85,9121.86,1
2010-10-03,2010,10,October,France,2,987.92,0.0,987.92,1
2010-10-03,2010,10,October,Germany,1,239.01,0.0,239.01,1
2010-10-03,2010,10,October,Spain,1,2443.98,0.0,2443.98,1
2010-10-03,2010,10,October,United Kingdom,80,25968.73,-234.05,25734.68,1
2010-10-04,2010,10,October,EIRE,2,451.4,-20.4,431.0,1
2010-10-04,2010,10,October,Finland,1,0.0,-29.3,-29.3,1
2010-10-04,2010,10,October,France,2,557.46,-5.0,552.46,1
2010-10-04,2010,10,October,Germany,4,1747.26,-3.75,1743.51,1
2010-10-04,2010,10,October,Korea,1,0.0,-168.69,-168.69,1
2010-10-04,2010,10,October,Sweden,1,1037.28,0.0,1037.28,1
2010-10-04,2010,10,October,United Kingdom,90,35606.08,-101.25,35504.83,1
2010-10-05,2010,10,October,Channel Islands,1,0.0,-17.0,-17.0,1
2010-10-05,2010,10,October,EIRE,2,485.14,0.0,485.14,1
2010-10-05,2010,10,October,France,1,253.55,0.0,253.55,1
2010-10-05,2010,10,October,Germany,3,1219.55,-5.8,1213.75,1
2010-10-05,2010,10,October,Portugal,1,0.0,-60.6,-60.6,1
2010-10-05,2010,10,October,Spain,1,211.31,0.0,211.31,1
2010-10-05,2010,10,October,United Kingdom,173,52652.51,-1142.09,51510.42,1
2010-10-06,2010,10,October,Belgium,1,65.3,0.0,65.3,1
2010-10-06,2010,10,October,EIRE,2,1002.91,0.0,1002.91,1
2010-10-06,2010,10,October,Germany,1,1962.8,0.0,1962.8,1
2010-10-06,2010,10,October,United Kingdom,65,27881.59,-211.11,27670.48,1
2010-10-07,2010,10,October,Australia,1,303.8,0.0,303.8,1
2010-10-07,2010,10,October,Denmark,1,0.0,-50.4,-50.4,1
2010-10-07,2010,10,October,Germany,3,426.37,-74.09,352.28,1
2010-10-07,2010,10,October,Greece,1,3084.02,0.0,3084.02,1
2010-10-07,2010,10,October,Italy,1,0.0,-28.85,-28.85,1
2010-10-07,2010,10,October,United Kingdom,142,49240.2,-865.58,48374.62,1
2010-10-08,2010,10,October,Channel Islands,1,0.0,-25.5,-25.5,1
2010-10-08,2010,10,October,EIRE,1,515.5,0.0,515.5,1
2010-10-08,2010,10,October,Germany,2,1012.15,-45.35,966.8,1
2010-10-08,2010,10,October,Netherlands,4,1543.68,-180.0,1363.68,1
2010-10-08,2010,10,October,Portugal,1,282.95,0.0,282.95,1
2010-10-08,2010,10,October,Sweden,1,4486.11,0.0,4486.11,1
2010-10-08,2010,10,October,Switzerland,1,449.48,0.0,449.48,1
2010-10-08,2010,10,October,United Kingdom,89,52029.45,-533.7,51495.75,1
2010-10-10,2010,10,October,Australia,1,230.0,0.0,230.0,1
2010-10-10,2010,10,October,Cyprus,1,551.33,0.0,551.33,1
2010-10-10,2010,10,October,France,1,876.41,0.0,876.41,1
2010-10-10,2010,10,October,Sweden,1,683.79,0.0,683.79,1
2010-10-10,2010,10,October,United Kingdom,67,20856.45,-80.65,20775.8,1
2010-10-11,2010,10,October,Channel Islands,1,0.0,-10.2,-10.2,1
2010-10-11,2010,10,October,Denmark,1,358.6,0.0,358.6,1
2010-10-11,2010,10,October,EIRE,1,787.79,0.0,787.79,1
2010-10-11,2010,10,October,France,3,4876.4,0.0,4876.4,1
2010-10-11,2010,10,October,Portugal,3,1820.92,0.0,1820.92,1
2010-10-11,2010,10,October,United Arab Emirates,1,433.6,0.0,433.6,1
2010-10-11,2010,10,October,United Kingdom,115,35215.06,-404.76,34810.3,1
2010-10-12,2010,10,October,France,3,953.24,0.0,953.24,1
2010-10-12,2010,10,October,Germany,5,1637.4,-25.4,1612.0,1
2010-10-12,2010,10,October,Sweden,1,704.36,0.0,704.36,1
2010-10-12,2010,10,October,USA,1,132.8,0.0,132.8,1
2010-10-12,2010,10,October,United Kingdom,135,46586.15,-707.01,45879.14,1
2010-10-13,2010,10,October,Australia,1,1132.53,0.0,1132.53,1
2010-10-13,2010,10,October,Belgium,1,400.5,0.0,400.5,1
2010-10-13,2010,10,October,EIRE,2,803.85,0.0,803.85,1
2010-10-13,2010,10,October,Finland,1,631.93,0.0,631.93,1
2010-10-13,2010,10,October,France,2,1031.28,0.0,1031.28,1
2010-10-13,2010,10,October,Germany,3,1057.8,-82.95,974.85,1
2010-10-13,2010,10,October,Netherlands,2,11337.3,0.0,11337.3,1
2010-10-13,2010,10,October,Spain,1,1340.42,0.0,1340.42,1
2010-10-13,2010,10,October,United Kingdom,84,35678.44,-208.49,35469.95,1
2010-10-14,2010,10,October,Austria,2,857.75,0.0,857.75,1
2010-10-14,2010,10,October,Channel Islands,1,0.0,-4.95,-4.95,1
2010-10-14,2010,10,October,EIRE,3,3628.3,0.0,3628.3,1
2010-10-14,2010,10,October,France,4,2033.66,-504.49,1529.17,1
2010-10-14,2010,10,October,Japan,1,1533.89,0.0,1533.89,1
2010-10-14,2010,10,October,Netherlands,1,169.2,0.0,169.2,1
2010-10-14,2010,10,October,Spain,1,4733.52,0.0,4733.52,1
2010-10-14,2010,10,October,United Kingdom,109,74570.09,-939.32,73630.77,1
2010-10-15,2010,10,October,Australia,1,250.98,0.0,250.98,1
2010-10-15,2010,10,October,Belgium,1,340.0,0.0,340.0,1
2010-10-15,2010,10,October,France,2,581.66,0.0,581.66,1
2010-10-15,2010,10,October,Germany,2,1348.21,0.0,1348.21,1
2010-10-15,2010,10,October,Netherlands,1,105.6,0.0,105.6,1
2010-10-15,2010,10,October,Spain,1,301.58,0.0,301.58,1
2010-10-15,2010,10,October,Switzerland,1,5231.06,0.0,5231.06,1
2010-10-15,2010,10,October,United Kingdom,111,36520.87,-190.98,36329.89,1
2010-10-17,2010,10,October,EIRE,1,1917.0,0.0,1917.0,1
2010-10-17,2010,10,October,United Kingdom,79,31438.46,-369.56,31068.9,1
2010-10-18,2010,10,October,Channel Islands,1,1320.0,0.0,1320.0,1
2010-10-18,2010,10,October,EIRE,3,1392.0,-13.0,1379.0,1
2010-10-18,2010,10,October,Germany,3,882.51,0.0,882.51,1
2010-10-18,2010,10,October,Netherlands,1,0.0,-112.84,-112.84,1
2010-10-18,2010,10,October,Spain,1,220.0,0.0,220.0,1
2010-10-18,2010,10,October,Switzerland,2,432.55,-78.15,354.4,1
2010-10-18,2010,10,October,United Kingdom,168,37276.71,-1749.68,35527.03,1
2010-10-19,2010,10,October,EIRE,4,1705.05,-20.75,1684.3,1
2010-10-19,2010,10,October,Germany,4,2005.39,0.0,2005.39,1
2010-10-19,2010,10,October,Italy,1,679.15,0.0,679.15,1
2010-10-19,2010,10,October,Lebanon,1,0.0,-39.67,-39.67,1
2010-10-19,2010,10,October,Spain,2,4098.96,-4733.52,-634.56,1
2010-10-19,2010,10,October,United Kingdom,84,41563.44,-673.77,40889.67,1
2010-10-20,2010,10,October,Australia,1,143.94,0.0,143.94,1
2010-10-20,2010,10,October,EIRE,2,267.32,-20.85,246.47,1
2010-10-20,2010,10,October,France,3,841.88,-3.9,837.98,1
2010-10-20,2010,10,October,Germany,1,445.43,0.0,445.43,1
2010-10-20,2010,10,October,Spain,1,213.76,0.0,213.76,1
2010-10-20,2010,10,October,Sweden,1,0.0,-52.46,-52.46,1
2010-10-20,2010,10,October,United Kingdom,112,43482.29,-1112.68,42369.61,1
2010-10-21,2010,10,October,Australia,1,205.25,0.0,205.25,1
2010-10-21,2010,10,October,Channel Islands,2,1404.75,0.0,1404.75,1
2010-10-21,2010,10,October,EIRE,8,6197.44,-76.5,6120.94,1
2010-10-21,2010,10,October,France,1,0.0,-41.25,-41.25,1
2010-10-21,2010,10,October,Germany,2,0.0,-98.65,-98.65,1
2010-10-21,2010,10,October,Greece,1,0.0,-18.25,-18.25,1
2010-10-21,2010,10,October,Italy,2,1237.06,0.0,1237.06,1
2010-10-21,2010,10,October,United Kingdom,102,30158.77,-372.97,29785.8,1
2010-10-22,2010,10,October,Austria,1,183.35,0.0,183.35,1
2010-10-22,2010,10,October,EIRE,3,1231.07,0.0,1231.07,1
2010-10-22,2010,10,October,France,3,1082.31,-19.9,1062.41,1
2010-10-22,2010,10,October,Germany,1,1087.76,0.0,1087.76,1
2010-10-22,2010,10,October,Netherlands,2,398.52,-3.0,395.52,1
2010-10-22,2010,10,October,Portugal,1,0.0,-14.85,-14.85,1
2010-10-22,2010,10,October,Spain,1,322.91,0.0,322.91,1
2010-10-22,2010,10,October,Switzerland,1,473.31,0.0,473.31,1
2010-10-22,2010,10,October,United Arab Emirates,1,0.0,-76.32,-76.32,1
2010-10-22,2010,10,October,United Kingdom,128,35588.1,-1340.36,34247.74,1
2010-10-24,2010,10,October,France,3,613.68,0.0,613.68,1
2010-10-24,2010,10,October,Germany,1,677.96,0.0,677.96,1
2010-10-24,2010,10,October,United Kingdom,82,27564.71,-107.45,27457.26,1
2010-10-25,2010,10,October,Belgium,1,344.2,0.0,344.2,1
2010-10-25,2010,10,October,Denmark,1,90.0,0.0,90.0,1
2010-10-25,2010,10,October,EIRE,2,1214.63,0.0,1214.63,1
2010-10-25,2010,10,October,France,2,0.0,-34.7,-34.7,1
2010-10-25,2010,10,October,Germany,1,681.88,0.0,681.88,1
2010-10-25,2010,10,October,Netherlands,1,266.93,0.0,266.93,1
2010-10-25,2010,10,October,United Kingdom,98,26887.3,-316.13,26571.17,1
2010-10-26,2010,10,October,Australia,2,712.65,0.0,712.65,1
2010-10-26,2010,10,October,Canada,1,834.89,0.0,834.89,1
2010-10-26,2010,10,October,EIRE,4,5176.92,0.0,5176.92,1
2010-10-26,2010,10,October,France,2,456.87,0.0,456.87,1
2010-10-26,2010,10,October,Germany,4,1738.16,-12.75,1725.41,1
2010-10-26,2010,10,October,Netherlands,1,172.12,0.0,172.12,1
2010-10-26,2010,10,October,Sweden,1,888.36,0.0,888.36,1
2010-10-26,2010,10,October,Switzerland,1,1571.74,0.0,1571.74,1
2010-10-26,2010,10,October,United Arab Emirates,1,76.32,0.0,76.32,1
2010-10-26,2010,10,October,United Kingdom,116,34445.33,-600.52,33844.81,1
2010-10-27,2010,10,October,Bahrain,1,317.76,0.0,317.76,1
2010-10-27,2010,10,October,EIRE,2,5393.36,0.0,5393.36,1
2010-10-27,2010,10,October,Germany,3,54.0,-15.66,38.34,1
2010-10-27,2010,10,October,Italy,3,1902.59,0.0,1902.59,1
2010-10-27,2010,10,October,Sweden,2,996.82,0.0,996.82,1
2010-10-27,2010,10,October,United Kingdom,69,24304.02,-53.25,24250.77,1
2010-10-28,2010,10,October,EIRE,3,1521.8,-30.6,1491.2,1
2010-10-28,2010,10,October,Germany,1,0.0,-3.9,-3.9,1
2010-10-28,2010,10,October,Italy,1,1402.62,0.0,1402.62,1
2010-10-28,2010,10,October,Netherlands,1,0.0,-28.4,-28.4,1
2010-10-28,2010,10,October,Portugal,1,874.36,0.0,874.36,1
2010-10-28,2010,10,October,United Kingdom,103,26799.81,-7213.67,19586.14,1
2010-10-29,2010,10,October,Belgium,1,325.72,0.0,325.72,1
2010-10-29,2010,10,October,France,1,65.45,0.0,65.45,1
2010-10-29,2010,10,October,Germany,2,2315.69,0.0,2315.69,1
2010-10-29,2010,10,October,RSA,1,1435.29,0.0,1435.29,1
2010-10-29,2010,10,October,Switzerland,1,471.55,0.0,471.55,1
2010-10-29,2010,10,October,United Kingdom,84,42657.8,-1852.9,40804.9,1
2010-10-31,2010,10,October,Germany,2,501.35,0.0,501.35,1
2010-10-31,2010,10,October,Iceland,1,611.53,0.0,611.53,1
2010-10-31,2010,10,October,United Kingdom,85,29245.82,-78.43,29167.39,1
2010-11-01,2010,11,November,Channel Islands,1,0.0,-439.83,-439.83,1
2010-11-01,2010,11,November,EIRE,2,1085.79,0.0,1085.79,1
2010-11-01,2010,11,November,France,1,0.0,-7.5,-7.5,1
2010-11-01,2010,11,November,Germany,1,452.0,0.0,452.0,1
2010-11-01,2010,11,November,United Kingdom,98,26555.38,-403.65,26151.73,1
2010-11-02,2010,11,November,Australia,1,870.3,0.0,870.3,1
2010-11-02,2010,11,November,Channel Islands,1,0.0,-540.5,-540.5,1
2010-11-02,2010,11,November,Denmark,1,193.26,0.0,193.26,1
2010-11-02,2010,11,November,EIRE,1,0.0,-189.0,-189.0,1
2010-11-02,2010,11,November,France,1,660.2,0.0,660.2,1
2010-11-02,2010,11,November,Germany,2,1769.77,0.0,1769.77,1
2010-11-02,2010,11,November,Italy,1,0.0,-27.6,-27.6,1
2010-11-02,2010,11,November,Portugal,1,0.0,-5.95,-5.95,1
2010-11-02,2010,11,November,Spain,1,241.35,0.0,241.35,1
2010-11-02,2010,11,November,Sweden,2,429.7,0.0,429.7,1
2010-11-02,2010,11,November,Switzerland,1,462.95,0.0,462.95,1
2010-11-02,2010,11,November,United Kingdom,165,40453.61,-2907.17,37546.44,1
2010-11-03,2010,11,November,Belgium,1,0.0,-10.0,-10.0,1
2010-11-03,2010,11,November,EIRE,3,1888.77,0.0,1888.77,1
2010-11-03,2010,11,November,Germany,1,619.5,0.0,619.5,1
2010-11-03,2010,11,November,Italy,3,524.4,-20.28,504.12,1
2010-11-03,2010,11,November,Netherlands,4,12748.98,0.0,12748.98,1
2010-11-03,2010,11,November,Norway,1,1993.34,0.0,1993.34,1
2010-11-03,2010,11,November,Portugal,1,340.05,0.0,340.05,1
2010-11-03,2010,11,November,United Kingdom,132,27316.15,-1125.53,26190.62,1
2010-11-04,2010,11,November,Australia,1,0.0,-22.7,-22.7,1
2010-11-04,2010,11,November,EIRE,2,1321.93,0.0,1321.93,1
2010-11-04,2010,11,November,Germany,4,3993.64,-47.9,3945.74,1
2010-11-04,2010,11,November,Japan,1,0.0,-102.0,-102.0,1
2010-11-04,2010,11,November,Lithuania,1,1525.39,0.0,1525.39,1
2010-11-04,2010,11,November,Spain,2,475.95,-8.5,467.45,1
2010-11-04,2010,11,November,United Kingdom,207,82729.38,-1136.88,81592.5,1
2010-11-05,2010,11,November,Austria,1,329.34,0.0,329.34,1
2010-11-05,2010,11,November,Denmark,1,1345.86,0.0,1345.86,1
2010-11-05,2010,11,November,EIRE,7,3495.15,-105.59,3389.56,1
2010-11-05,2010,11,November,Finland,2,414.98,0.0,414.98,1
2010-11-05,2010,11,November,Germany,7,4170.08,-68.05,4102.03,1
2010-11-05,2010,11,November,Japan,1,0.0,-102.0,-102.0,1
2010-11-05,2010,11,November,Norway,1,2292.18,0.0,2292.18,1
2010-11-05,2010,11,November,Spain,1,236.3,0.0,236.3,1
2010-11-05,2010,11,November,Sweden,1,0.0,-67.5,-67.5,1
2010-11-05,2010,11,November,United Kingdom,124,34115.62,-224.68,33890.94,1
2010-11-05,2010,11,November,Unspecified,3,239.64,0.0,239.64,1
2010-11-07,2010,11,November,EIRE,1,750.58,0.0,750.58,1
2010-11-07,2010,11,November,France,2,535.17,0.0,535.17,1
2010-11-07,2010,11,November,Germany,1,951.82,0.0,951.82,1
2010-11-07,2010,11,November,United Kingdom,86,29716.98,-241.54,29475.44,1
2010-11-08,2010,11,November,Canada,1,381.77,0.0,381.77,1
2010-11-08,2010,11,November,Denmark,1,2520.84,0.0,2520.84,1
2010-11-08,2010,11,November,EIRE,1,1041.98,0.0,1041.98,1
2010-11-08,2010,11,November,France,2,0.0,-47.0,-47.0,1
2010-11-08,2010,11,November,Germany,6,1493.39,-208.4,1284.99,1
2010-11-08,2010,11,November,Netherlands,1,397.44,0.0,397.44,1
2010-11-08,2010,11,November,United Kingdom,112,85115.49,-6908.66,78206.83,1
2010-11-09,2010,11,November,EIRE,3,1709.28,-17.88,1691.4,1
2010-11-09,2010,11,November,France,5,2477.75,0.0,2477.75,1
2010-11-09,2010,11,November,Germany,1,0.0,-53.4,-53.4,1
2010-11-09,2010,11,November,Portugal,1,351.9,0.0,351.9,1
2010-11-09,2010,11,November,Spain,2,4098.96,-4098.96,0.0,1
2010-11-09,2010,11,November,United Kingdom,133,57244.75,-2273.65,54971.1,1
2010-11-10,2010,11,November,Belgium,1,978.23,0.0,978.23,1
2010-11-10,2010,11,November,Cyprus,1,397.6,0.0,397.6,1
2010-11-10,2010,11,November,EIRE,2,852.88,0.0,852.88,1
2010-11-10,2010,11,November,France,1,358.25,0.0,358.25,1
2010-11-10,2010,11,November,Germany,3,389.5,-28.35,361.15,1
2010-11-10,2010,11,November,Israel,1,1248.42,0.0,1248.42,1
2010-11-10,2010,11,November,Switzerland,1,369.95,0.0,369.95,1
2010-11-10,2010,11,November,United Arab Emirates,1,1445.69,0.0,1445.69,1
2010-11-10,2010,11,November,United Kingdom,141,74202.11,-494.56,73707.55,1
2010-11-11,2010,11,November,EIRE,1,0.0,-49.75,-49.75,1
2010-11-11,2010,11,November,France,2,533.04,-29.85,503.19,1
2010-11-11,2010,11,November,Italy,1,0.0,-42.7,-42.7,1
2010-11-11,2010,11,November,Netherlands,1,1092.81,0.0,1092.81,1
2010-11-11,2010,11,November,Portugal,1,2301.96,0.0,2301.96,1
2010-11-11,2010,11,November,United Kingdom,184,60312.19,-2945.63,57366.56,1
2010-11-11,2010,11,November,Unspecified,1,0.0,-11.8,-11.8,1
2010-11-12,2010,11,November,Austria,1,690.79,0.0,690.79,1
2010-11-12,2010,11,November,Belgium,1,155.65,0.0,155.65,1
2010-11-12,2010,11,November,EIRE,3,1710.74,0.0,1710.74,1
2010-11-12,2010,11,November,France,2,307.05,0.0,307.05,1
2010-11-12,2010,11,November,Germany,4,1879.55,0.0,1879.55,1
2010-11-12,2010,11,November,Netherlands,1,115.8,0.0,115.8,1
2010-11-12,2010,11,November,Norway,1,143.75,0.0,143.75,1
2010-11-12,2010,11,November,Poland,2,821.14,0.0,821.14,1
2010-11-12,2010,11,November,United Kingdom,105,45026.65,-254.09,44772.56,1
2010-11-14,2010,11,November,Channel Islands,1,1343.9,0.0,1343.9,1
2010-11-14,2010,11,November,France,1,330.88,0.0,330.88,1
2010-11-14,2010,11,November,Italy,1,201.15,0.0,201.15,1
2010-11-14,2010,11,November,United Kingdom,91,27576.95,-119.4,27457.55,1
2010-11-15,2010,11,November,EIRE,5,4827.97,-52.35,4775.62,1
2010-11-15,2010,11,November,Germany,4,1772.3,-19.6,1752.7,1
2010-11-15,2010,11,November,Switzerland,1,70.6,0.0,70.6,1
2010-11-15,2010,11,November,USA,1,402.6,0.0,402.6,1
2010-11-15,2010,11,November,United Kingdom,122,98112.07,-130.04,97982.03,1
2010-11-16,2010,11,November,Australia,1,0.0,-15.0,-15.0,1
2010-11-16,2010,11,November,Denmark,1,0.0,-183.6,-183.6,1
2010-11-16,2010,11,November,EIRE,3,6089.84,0.0,6089.84,1
2010-11-16,2010,11,November,France,4,2359.33,-6.35,2352.98,1
2010-11-16,2010,11,November,Germany,4,1216.04,-28.05,1187.99,1
2010-11-16,2010,11,November,Netherlands,1,127.96,0.0,127.96,1
2010-11-16,2010,11,November,Portugal,1,1055.0,0.0,1055.0,1
2010-11-16,2010,11,November,Switzerland,2,12079.99,0.0,12079.99,1
2010-11-16,2010,11,November,United Kingdom,136,50065.9,-1186.94,48878.96,1
2010-11-17,2010,11,November,Belgium,1,464.28,0.0,464.28,1
2010-11-17,2010,11,November,France,1,311.16,0.0,311.16,1
2010-11-17,2010,11,November,Japan,4,8.85,-8.85,0.0,1
2010-11-17,2010,11,November,Netherlands,2,8257.82,0.0,8257.82,1
2010-11-17,2010,11,November,Portugal,2,0.0,-41.85,-41.85,1
2010-11-17,2010,11,November,United Kingdom,124,42681.6,-440.25,42241.35,1
2010-11-18,2010,11,November,EIRE,3,1759.03,-39.8,1719.23,1
2010-11-18,2010,11,November,Germany,4,1742.62,-26.5,1716.12,1
2010-11-18,2010,11,November,Netherlands,2,1046.79,0.0,1046.79,1
2010-11-18,2010,11,November,Poland,1,0.0,-15.0,-15.0,1
2010-11-18,2010,11,November,Sweden,1,0.0,-20.4,-20.4,1
2010-11-18,2010,11,November,USA,1,0.0,-132.8,-132.8,1
2010-11-18,2010,11,November,United Kingdom,110,40516.04,-316.08,40199.96,1
2010-11-19,2010,11,November,Belgium,3,1716.42,0.0,1716.42,1
2010-11-19,2010,11,November,Channel Islands,1,302.6,0.0,302.6,1
2010-11-19,2010,11,November,EIRE,2,773.15,0.0,773.15,1
2010-11-19,2010,11,November,France,7,5084.89,0.0,5084.89,1
2010-11-19,2010,11,November,Germany,3,573.4,-19.9,553.5,1
2010-11-19,2010,11,November,Italy,1,836.08,0.0,836.08,1
2010-11-19,2010,11,November,Japan,2,14.75,-14.75,0.0,1
2010-11-19,2010,11,November,Spain,1,180.1,0.0,180.1,1
2010-11-19,2010,11,November,Sweden,1,853.86,0.0,853.86,1
2010-11-19,2010,11,November,United Arab Emirates,1,15.0,0.0,15.0,1
2010-11-19,2010,11,November,United Kingdom,128,37434.89,-799.21,36635.68,1
2010-11-21,2010,11,November,EIRE,3,672.88,0.0,672.88,1
2010-11-21,2010,11,November,France,3,672.5,0.0,672.5,1
2010-11-21,2010,11,November,Germany,2,828.15,0.0,828.15,1
2010-11-21,2010,11,November,Italy,1,0.0,-19.8,-19.8,1
2010-11-21,2010,11,November,Sweden,1,330.35,0.0,330.35,1
2010-11-21,2010,11,November,United Kingdom,92,29932.97,-74.88,29858.09,1
2010-11-22,2010,11,November,Australia,1,513.05,0.0,513.05,1
2010-11-22,2010,11,November,EIRE,1,225.2,0.0,225.2,1
2010-11-22,2010,11,November,France,2,1876.51,-29.7,1846.81,1
2010-11-22,2010,11,November,Germany,2,1104.44,0.0,1104.44,1
2010-11-22,2010,11,November,Netherlands,2,398.07,0.0,398.07,1
2010-11-22,2010,11,November,Sweden,1,0.0,-40.0,-40.0,1
2010-11-22,2010,11,November,United Kingdom,96,39158.44,-130.4,39028.04,1
2010-11-23,2010,11,November,Australia,1,297.29,0.0,297.29,1
2010-11-23,2010,11,November,Belgium,1,0.0,-35.4,-35.4,1
2010-11-23,2010,11,November,EIRE,4,837.75,-46.9,790.85,1
2010-11-23,2010,11,November,France,4,596.29,0.0,596.29,1
2010-11-23,2010,11,November,Germany,1,200.19,0.0,200.19,1
2010-11-23,2010,11,November,Greece,1,761.3,0.0,761.3,1
2010-11-23,2010,11,November,Netherlands,1,443.6,0.0,443.6,1
2010-11-23,2010,11,November,Switzerland,1,587.24,0.0,587.24,1
2010-11-23,2010,11,November,United Kingdom,158,54676.67,-4603.11,50073.56,1
2010-11-24,2010,11,November,EIRE,3,0.0,-55.9,-55.9,1
2010-11-24,2010,11,November,Netherlands,2,919.62,-2383.83,-1464.21,1
2010-11-24,2010,11,November,Portugal,2,773.99,0.0,773.99,1
2010-11-24,2010,11,November,United Kingdom,181,60202.14,-1377.81,58824.33,1
2010-11-25,2010,11,November,Austria,1,120.0,0.0,120.0,1
2010-11-25,2010,11,November,Belgium,3,1938.4,-29.3,1909.1,1
2010-11-25,2010,11,November,United Kingdom,177,70440.2,-693.72,69746.48,1
2010-11-26,2010,11,November,Austria,1,712.09,0.0,712.09,1
2010-11-26,2010,11,November,Channel Islands,1,632.23,0.0,632.23,1
2010-11-26,2010,11,November,EIRE,2,1155.81,0.0,1155.81,1
2010-11-26,2010,11,November,France,4,2174.55,0.0,2174.55,1
2010-11-26,2010,11,November,Germany,3,1624.96,-26.9,1598.06,1
2010-11-26,2010,11,November,Italy,1,295.2,0.0,295.2,1
2010-11-26,2010,11,November,Portugal,1,236.1,0.0,236.1,1
2010-11-26,2010,11,November,Spain,2,893.55,0.0,893.55,1
2010-11-26,2010,11,November,Sweden,1,320.0,0.0,320.0,1
2010-11-26,2010,11,November,United Kingdom,86,32526.46,-337.6,32188.86,1
2010-11-28,2010,11,November,Germany,3,2707.11,0.0,2707.11,1
2010-11-28,2010,11,November,United Kingdom,101,24691.63,-314.26,24377.37,1
2010-11-29,2010,11,November,Australia,1,16554.88,0.0,16554.88,1
2010-11-29,2010,11,November,Austria,1,1021.08,0.0,1021.08,1
2010-11-29,2010,11,November,EIRE,2,832.58,0.0,832.58,1
2010-11-29,2010,11,November,France,2,933.3,0.0,933.3,1
2010-11-29,2010,11,November,Germany,1,160.8,0.0,160.8,1
2010-11-29,2010,11,November,Korea,1,949.82,0.0,949.82,1
2010-11-29,2010,11,November,Netherlands,3,5551.7,0.0,5551.7,1
2010-11-29,2010,11,November,Norway,1,200.05,0.0,200.05,1
2010-11-29,2010,11,November,United Kingdom,112,52755.12,-194.29,52560.83,1
2010-11-29,2010,11,November,Unspecified,1,300.93,0.0,300.93,1
2010-11-30,2010,11,November,France,2,407.4,0.0,407.4,1
2010-11-30,2010,11,November,Germany,6,2591.25,-86.55,2504.7,1
2010-11-30,2010,11,November,Italy,1,816.33,0.0,816.33,1
2010-11-30,2010,11,November,Netherlands,3,4958.15,0.0,4958.15,1
2010-11-30,2010,11,November,Portugal,1,423.52,0.0,423.52,1
2010-11-30,2010,11,November,United Kingdom,157,50784.52,-4376.7,46407.82,1
2010-12-01,2010,12,December,Australia,1,716.5,0.0,716.5,1
2010-12-01,2010,12,December,EIRE,2,1110.76,0.0,1110.76,1
2010-12-01,2010,12,December,France,1,1711.72,0.0,1711.72,1
2010-12-01,2010,12,December,Germany,2,522.96,-244.6,278.36,1
2010-12-01,2010,12,December,Netherlands,1,385.2,0.0,385.2,1
2010-12-01,2010,12,December,Norway,1,3838.28,0.0,3838.28,1
2010-12-01,2010,12,December,United Kingdom,135,109595.76,-405.86,109189.9,1
2010-12-02,2010,12,December,EIRE,2,45.0,-15.0,30.0,1
2010-12-02,2010,12,December,Germany,2,310.7,-34.0,276.7,1
2010-12-02,2010,12,December,United Kingdom,163,95141.06,-3033.2,92107.86,1
2010-12-03,2010,12,December,Belgium,1,692.2,0.0,692.2,1
2010-12-03,2010,12,December,EIRE,3,5153.7,0.0,5153.7,1
2010-12-03,2010,12,December,France,2,850.76,0.0,850.76,1
2010-12-03,2010,12,December,Germany,3,1111.06,0.0,1111.06,1
2010-12-03,2010,12,December,Italy,1,855.6,0.0,855.6,1
2010-12-03,2010,12,December,Poland,1,496.32,0.0,496.32,1
2010-12-03,2010,12,December,Portugal,1,263.6,0.0,263.6,1
2010-12-03,2010,12,December,Spain,1,1240.0,0.0,1240.0,1
2010-12-03,2010,12,December,Switzerland,1,606.8,0.0,606.8,1
2010-12-03,2010,12,December,United Kingdom,94,82608.88,-2646.5,79962.38,1
2010-12-05,2010,12,December,France,1,3053.84,0.0,3053.84,1
2010-12-05,2010,12,December,Germany,4,4953.38,0.0,4953.38,1
2010-12-05,2010,12,December,Japan,1,640.16,0.0,640.16,1
2010-12-05,2010,12,December,Lithuania,3,3196.12,0.0,3196.12,1
2010-12-05,2010,12,December,United Kingdom,86,51622.48,-782.0,50840.48,1
2010-12-06,2010,12,December,EIRE,3,2365.0,0.0,2365.0,1
2010-12-06,2010,12,December,Germany,2,392.88,-68.0,324.88,1
2010-12-06,2010,12,December,Italy,1,0.0,-34.0,-34.0,1
2010-12-06,2010,12,December,Portugal,1,258.8,0.0,258.8,1
2010-12-06,2010,12,December,United Kingdom,126,106533.38,-1838.56,104694.82,1
2010-12-07,2010,12,December,France,2,2897.96,0.0,2897.96,1
2010-12-07,2010,12,December,Germany,1,1193.6,0.0,1193.6,1
2010-12-07,2010,12,December,Iceland,1,1423.58,0.0,1423.58,1
2010-12-07,2010,12,December,United Kingdom,105,191872.08,-107228.12,84643.96,1
2010-12-08,2010,12,December,Australia,1,517.8,0.0,517.8,1
2010-12-08,2010,12,December,France,1,347.1,0.0,347.1,1
2010-12-08,2010,12,December,Germany,2,1045.4,-25.5,1019.9,1
2010-12-08,2010,12,December,Lithuania,1,126.0,0.0,126.0,1
2010-12-08,2010,12,December,Norway,1,3735.96,0.0,3735.96,1
2010-12-08,2010,12,December,Portugal,1,2298.58,0.0,2298.58,1
2010-12-08,2010,12,December,United Kingdom,141,82629.2,-2374.78,80254.42,1
2010-12-09,2010,12,December,Channel Islands,1,727.06,0.0,727.06,1
2010-12-09,2010,12,December,Denmark,1,2563.0,0.0,2563.0,1
2010-12-09,2010,12,December,EIRE,1,1891.1,0.0,1891.1,1
2010-12-09,2010,12,December,France,5,3719.46,-54.3,3665.16,1
2010-12-09,2010,12,December,Germany,5,1838.18,-54.6,1783.58,1
2010-12-09,2010,12,December,Japan,1,7588.8,0.0,7588.8,1
2010-12-09,2010,12,December,Portugal,1,508.06,0.0,508.06,1
2010-12-09,2010,12,December,Spain,1,349.44,0.0,349.44,1
2010-12-09,2010,12,December,United Kingdom,166,87957.26,-1995.2,85962.06,1
2010-12-10,2010,12,December,EIRE,1,1156.05,0.0,1156.05,1
2010-12-10,2010,12,December,France,1,1071.9,0.0,1071.9,1
2010-12-10,2010,12,December,Germany,2,2360.41,0.0,2360.41,1
2010-12-10,2010,12,December,Portugal,1,311.95,0.0,311.95,1
2010-12-10,2010,12,December,United Kingdom,85,54282.61,-1644.93,52637.68,1
2010-12-12,2010,12,December,Japan,1,3590.59,0.0,3590.59,1
2010-12-12,2010,12,December,United Kingdom,50,13738.48,-88.15,13650.33,1
2010-12-13,2010,12,December,Germany,3,12.45,-24.9,-12.45,1
2010-12-13,2010,12,December,Spain,1,881.01,0.0,881.01,1
2010-12-13,2010,12,December,United Kingdom,78,37112.0,-1155.27,35956.73,1
2010-12-14,2010,12,December,Australia,1,0.0,-27.75,-27.75,1
2010-12-14,2010,12,December,Cyprus,1,1590.82,0.0,1590.82,1
2010-12-14,2010,12,December,Portugal,2,0.0,-59.85,-59.85,1
2010-12-14,2010,12,December,Sweden,2,1188.0,-1188.0,0.0,1
2010-12-14,2010,12,December,United Kingdom,137,42449.65,-1131.59,41318.06,1
2010-12-15,2010,12,December,Austria,1,0.0,-20.16,-20.16,1
2010-12-15,2010,12,December,France,1,195.89,0.0,195.89,1
2010-12-15,2010,12,December,Germany,1,0.0,-52.9,-52.9,1
2010-12-15,2010,12,December,Israel,1,0.0,-227.44,-227.44,1
2010-12-15,2010,12,December,United Kingdom,93,30231.92,-700.43,29531.49,1
2010-12-16,2010,12,December,EIRE,2,707.06,-220.5,486.56,1
2010-12-16,2010,12,December,Finland,1,892.8,0.0,892.8,1
2010-12-16,2010,12,December,France,3,4.95,-13.8,-8.85,1
2010-12-16,2010,12,December,Germany,1,0.0,-11.55,-11.55,1
2010-12-16,2010,12,December,United Kingdom,143,47742.09,-772.7,46969.39,1
2010-12-17,2010,12,December,Australia,1,415.7,0.0,415.7,1
2010-12-17,2010,12,December,Austria,1,277.2,0.0,277.2,1
2010-12-17,2010,12,December,Belgium,2,625.16,0.0,625.16,1
2010-12-17,2010,12,December,EIRE,2,1424.12,0.0,1424.12,1
2010-12-17,2010,12,December,France,2,350.28,0.0,350.28,1
2010-12-17,2010,12,December,Germany,9,4690.82,-18.0,4672.82,1
2010-12-17,2010,12,December,Portugal,1,463.5,0.0,463.5,1
2010-12-17,2010,12,December,Spain,1,168.0,0.0,168.0,1
2010-12-17,2010,12,December,Sweden,1,2646.3,0.0,2646.3,1
2010-12-17,2010,12,December,United Kingdom,52,34355.25,-1866.14,32489.11,1
2010-12-19,2010,12,December,EIRE,1,411.1,0.0,411.1,1
2010-12-19,2010,12,December,Germany,1,469.87,0.0,469.87,1
2010-12-19,2010,12,December,United Kingdom,23,6653.94,-17.6,6636.34,1
2010-12-20,2010,12,December,Bahrain,1,205.74,0.0,205.74,1
2010-12-20,2010,12,December,EIRE,2,0.0,-760.31,-760.31,1
2010-12-20,2010,12,December,France,2,1371.19,0.0,1371.19,1
2010-12-20,2010,12,December,Germany,2,631.96,-300.65,331.31,1
2010-12-20,2010,12,December,Netherlands,1,70.96,0.0,70.96,1
2010-12-20,2010,12,December,Switzerland,1,1001.52,0.0,1001.52,1
2010-12-20,2010,12,December,United Kingdom,87,23485.76,-986.42,22499.34,1
2010-12-21,2010,12,December,Belgium,1,237.93,0.0,237.93,1
2010-12-21,2010,12,December,EIRE,1,762.3,0.0,762.3,1
2010-12-21,2010,12,December,France,2,221.28,0.0,221.28,1
2010-12-21,2010,12,December,Italy,1,383.7,0.0,383.7,1
2010-12-21,2010,12,December,Netherlands,1,8520.92,0.0,8520.92,1
2010-12-21,2010,12,December,United Kingdom,60,37177.96,-206.15,36971.81,1
2010-12-22,2010,12,December,Belgium,1,600.72,0.0,600.72,1
2010-12-22,2010,12,December,France,1,110.4,0.0,110.4,1
2010-12-22,2010,12,December,United Kingdom,20,4190.45,-65.4,4125.05,1
2010-12-23,2010,12,December,EIRE,2,289.85,-15.0,274.85,1
2010-12-23,2010,12,December,Germany,3,1391.55,-56.95,1334.6,1
2010-12-23,2010,12,December,United Kingdom,33,10391.11,-207.85,10183.26,1
2011-01-04,2011,1,January,Sweden,2,547.56,-40.0,507.56,0
2011-01-04,2011,1,January,United Kingdom,55,15467.37,-1035.6,14431.77,0
2011-01-05,2011,1,January,Bahrain,1,0.0,-205.74,-205.74,0
2011-01-05,2011,1,January,Belgium,1,0.0,-2.95,-2.95,0
2011-01-05,2011,1,January,EIRE,1,0.0,-232.67,-232.67,0
2011-01-05,2011,1,January,France,4,1391.18,-21.9,1369.28,0
2011-01-05,2011,1,January,Germany,2,0.0,-148.54,-148.54,0
2011-01-05,2011,1,January,Italy,1,0.0,-7.65,-7.65,0
2011-01-05,2011,1,January,Portugal,1,0.0,-57.6,-57.6,0
2011-01-05,2011,1,January,United Kingdom,65,31224.34,-33523.65,-2299.31,0
2011-01-06,2011,1,January,Australia,2,7154.38,0.0,7154.38,0
2011-01-06,2011,1,January,Belgium,1,0.0,-31.95,-31.95,0
2011-01-06,2011,1,January,France,3,799.02,-54.0,745.02,0
2011-01-06,2011,1,January,Germany,1,0.0,-6.6,-6.6,0
2011-01-06,2011,1,January,Japan,1,0.0,-109.8,-109.8,0
2011-01-06,2011,1,January,United Kingdom,69,32427.8,-1159.57,31268.23,0
2011-01-07,2011,1,January,France,2,1065.09,0.0,1065.09,0
2011-01-07,2011,1,January,Germany,4,3976.13,0.0,3976.13,0
2011-01-07,2011,1,January,Spain,1,1138.67,0.0,1138.67,0
2011-01-07,2011,1,January,United Kingdom,51,22656.7,-1603.45,21053.25,0
2011-01-09,2011,1,January,EIRE,1,258.0,0.0,258.0,0
2011-01-09,2011,1,January,France,1,114.0,0.0,114.0,0
2011-01-09,2011,1,January,Portugal,2,1100.16,0.0,1100.16,0
2011-01-09,2011,1,January,United Kingdom,47,14306.04,-67.4,14238.64,0
2011-01-10,2011,1,January,Australia,1,81.6,0.0,81.6,0
2011-01-10,2011,1,January,EIRE,1,0.0,-15.0,-15.0,0
2011-01-10,2011,1,January,France,1,1238.06,0.0,1238.06,0
2011-01-10,2011,1,January,Germany,3,682.33,-21.9,660.43,0
2011-01-10,2011,1,January,Israel,1,379.84,0.0,379.84,0
2011-01-10,2011,1,January,Spain,1,1715.85,0.0,1715.85,0
2011-01-10,2011,1,January,United Kingdom,53,20464.69,-340.53,20124.16,0
2011-01-11,2011,1,January,Australia,1,462.5,0.0,462.5,0
2011-01-11,2011,1,January,France,4,1512.64,0.0,1512.64,0
2011-01-11,2011,1,January,Germany,1,144.26,0.0,144.26,0
2011-01-11,2011,1,January,Spain,2,4564.3,0.0,4564.3,0
2011-01-11,2011,1,January,United Kingdom,76,61959.14,-838.46,61120.68,0
2011-01-12,2011,1,January,Belgium,1,651.16,0.0,651.16,0
2011-01-12,2011,1,January,Cyprus,1,547.5,0.0,547.5,0
2011-01-12,2011,1,January,France,4,1415.63,-9.95,1405.68,0
2011-01-12,2011,1,January,Germany,2,250.65,-1.25,249.4,0
2011-01-12,2011,1,January,United Kingdom,54,21828.84,-723.8,21105.04,0
2011-01-13,2011,1,January,Germany,1,753.45,0.0,753.45,0
2011-01-13,2011,1,January,Italy,1,1608.66,0.0,1608.66,0
2011-01-13,2011,1,January,United Kingdom,49,18262.53,-91.1,18171.43,0
2011-01-14,2011,1,January,Australia,1,177.0,0.0,177.0,0
2011-01-14,2011,1,January,EIRE,1,16774.72,0.0,16774.72,0
2011-01-14,2011,1,January,France,3,1790.43,0.0,1790.43,0
2011-01-14,2011,1,January,Germany,3,534.02,0.0,534.02,0
2011-01-14,2011,1,January,Netherlands,1,10389.06,0.0,10389.06,0
2011-01-14,2011,1,January,United Kingdom,47,17909.17,-199.64,17709.53,0
2011-01-16,2011,1,January,United Kingdom,29,7239.56,-125.45,7114.11,0
2011-01-17,2011,1,January,Australia,1,431.3,0.0,431.3,0
2011-01-17,2011,1,January,France,1,732.14,0.0,732.14,0
2011-01-17,2011,1,January,Germany,2,1316.9,0.0,1316.9,0
2011-01-17,2011,1,January,Poland,1,613.22,0.0,613.22,0
2011-01-17,2011,1,January,United Kingdom,49,26239.46,-45.7,26193.76,0
2011-01-18,2011,1,January,EIRE,1,465.58,0.0,465.58,0
2011-01-18,2011,1,January,Germany,1,132.52,0.0,132.52,0
2011-01-18,2011,1,January,Portugal,1,2271.62,0.0,2271.62,0
2011-01-18,2011,1,January,Spain,1,681.05,0.0,681.05,0
2011-01-18,2011,1,January,United Kingdom,47,92424.88,-77297.25,15127.63,0
2011-01-19,2011,1,January,Australia,1,238.5,0.0,238.5,0
2011-01-19,2011,1,January,Belgium,1,0.0,-11.25,-11.25,0
2011-01-19,2011,1,January,France,1,752.75,0.0,752.75,0
2011-01-19,2011,1,January,Germany,1,63.0,0.0,63.0,0
2011-01-19,2011,1,January,Netherlands,1,7722.04,0.0,7722.04,0
2011-01-19,2011,1,January,Spain,1,112.92,0.0,112.92,0
2011-01-19,2011,1,January,Switzerland,2,3604.63,0.0,3604.63,0
2011-01-19,2011,1,January,United Kingdom,35,13436.93,-337.51,13099.42,0
2011-01-20,2011,1,January,Australia,1,87.75,0.0,87.75,0
2011-01-20,2011,1,January,Belgium,1,225.6,0.0,225.6,0
2011-01-20,2011,1,January,EIRE,1,2756.84,0.0,2756.84,0
2011-01-20,2011,1,January,France,2,1516.68,-43.8,1472.88,0
2011-01-20,2011,1,January,Netherlands,1,305.28,0.0,305.28,0
2011-01-20,2011,1,January,Spain,1,0.0,-65.7,-65.7,0
2011-01-20,2011,1,January,United Kingdom,45,16352.29,-1313.38,15038.91,0
2011-01-21,2011,1,January,Finland,1,661.58,0.0,661.58,0
2011-01-21,2011,1,January,France,1,0.0,-5.45,-5.45,0
2011-01-21,2011,1,January,Germany,1,0.0,-62.25,-62.25,0
2011-01-21,2011,1,January,Italy,1,341.0,0.0,341.0,0
2011-01-21,2011,1,January,Netherlands,1,8060.3,0.0,8060.3,0
2011-01-21,2011,1,January,United Kingdom,58,23567.42,-594.16,22973.26,0
2011-01-23,2011,1,January,France,1,514.5,0.0,514.5,0
2011-01-23,2011,1,January,United Kingdom,29,9885.75,-114.3,9771.45,0
2011-01-24,2011,1,January,EIRE,1,282.44,0.0,282.44,0
2011-01-24,2011,1,January,France,1,190.2,0.0,190.2,0
2011-01-24,2011,1,January,Germany,3,2364.78,0.0,2364.78,0
2011-01-24,2011,1,January,Greece,1,2661.24,0.0,2661.24,0
2011-01-24,2011,1,January,Hong Kong,1,2439.76,0.0,2439.76,0
2011-01-24,2011,1,January,Spain,1,157.45,0.0,157.45,0
2011-01-24,2011,1,January,United Kingdom,52,17622.92,-178.17,17444.75,0
2011-01-25,2011,1,January,Belgium,1,323.44,0.0,323.44,0
2011-01-25,2011,1,January,Finland,1,227.44,0.0,227.44,0
2011-01-25,2011,1,January,France,3,36.0,-32.55,3.45,0
2011-01-25,2011,1,January,Germany,4,2416.84,-44.7,2372.14,0
2011-01-25,2011,1,January,Singapore,1,2053.07,0.0,2053.07,0
2011-01-25,2011,1,January,United Kingdom,76,24020.68,-1028.7,22991.98,0
2011-01-26,2011,1,January,EIRE,1,802.56,0.0,802.56,0
2011-01-26,2011,1,January,Germany,2,1175.76,0.0,1175.76,0
2011-01-26,2011,1,January,Iceland,1,475.39,0.0,475.39,0
2011-01-26,2011,1,January,Italy,1,452.85,0.0,452.85,0
2011-01-26,2011,1,January,Portugal,1,683.93,0.0,683.93,0
2011-01-26,2011,1,January,United Kingdom,65,16331.8,-428.97,15902.83,0
2011-01-27,2011,1,January,Channel Islands,1,675.58,0.0,675.58,0
2011-01-27,2011,1,January,EIRE,1,564.05,0.0,564.05,0
2011-01-27,2011,1,January,France,1,0.0,-14.65,-14.65,0
2011-01-27,2011,1,January,Germany,4,767.99,-94.46,673.53,0
2011-01-27,2011,1,January,Italy,1,0.0,-33.5,-33.5,0
2011-01-27,2011,1,January,Lebanon,1,1693.88,0.0,1693.88,0
2011-01-27,2011,1,January,Spain,1,1715.85,0.0,1715.85,0
2011-01-27,2011,1,January,United Kingdom,76,18309.49,-770.49,17539.0,0
2011-01-28,2011,1,January,Australia,1,384.68,0.0,384.68,0
2011-01-28,2011,1,January,France,3,1079.83,0.0,1079.83,0
2011-01-28,2011,1,January,Germany,1,0.0,-79.71,-79.71,0
2011-01-28,2011,1,January,Sweden,1,2938.76,0.0,2938.76,0
2011-01-28,2011,1,January,Switzerland,1,626.6,0.0,626.6,0
2011-01-28,2011,1,January,United Kingdom,93,15060.78,-1443.17,13617.61,0
2011-01-30,2011,1,January,United Kingdom,25,6615.75,-159.31,6456.44,0
2011-01-31,2011,1,January,Channel Islands,1,0.0,-30.5,-30.5,0
2011-01-31,2011,1,January,France,3,3591.97,-54.75,3537.22,0
2011-01-31,2011,1,January,Germany,4,2332.21,0.0,2332.21,0
2011-01-31,2011,1,January,Netherlands,1,134.48,0.0,134.48,0
2011-01-31,2011,1,January,United Kingdom,76,17578.75,-1190.46,16388.29,0
2011-02-01,2011,2,February,Austria,1,364.6,0.0,364.6,0
2011-02-01,2011,2,February,EIRE,1,797.77,0.0,797.77,0
2011-02-01,2011,2,February,France,1,510.85,0.0,510.85,0
2011-02-01,2011,2,February,Germany,3,314.15,-49.5,264.65,0
2011-02-01,2011,2,February,Netherlands,1,214.45,0.0,214.45,0
2011-02-01,2011,2,February,Spain,1,288.98,0.0,288.98,0
2011-02-01,2011,2,February,Sweden,1,509.5,0.0,509.5,0
2011-02-01,2011,2,February,United Kingdom,76,26034.69,-548.27,25486.42,0
2011-02-02,2011,2,February,Austria,1,153.76,0.0,153.76,0
2011-02-02,2011,2,February,EIRE,1,15.0,0.0,15.0,0
2011-02-02,2011,2,February,France,2,641.39,0.0,641.39,0
2011-02-02,2011,2,February,Germany,2,75.6,-25.5,50.1,0
2011-02-02,2011,2,February,Norway,1,334.4,0.0,334.4,0
2011-02-02,2011,2,February,United Kingdom,66,19981.05,-142.25,19838.8,0
2011-02-03,2011,2,February,Belgium,1,213.9,0.0,213.9,0
2011-02-03,2011,2,February,EIRE,1,788.06,0.0,788.06,0
2011-02-03,2011,2,February,Germany,4,1712.04,-69.5,1642.54,0
2011-02-03,2011,2,February,Netherlands,1,0.0,-34.8,-34.8,0
2011-02-03,2011,2,February,Spain,1,617.25,0.0,617.25,0
2011-02-03,2011,2,February,United Kingdom,44,20133.58,-30.95,20102.63,0
2011-02-04,2011,2,February,EIRE,1,229.6,0.0,229.6,0
2011-02-04,2011,2,February,France,1,1236.73,0.0,1236.73,0
2011-02-04,2011,2,February,Germany,1,0.0,-71.9,-71.9,0
2011-02-04,2011,2,February,Japan,1,45.57,0.0,45.57,0
2011-02-04,2011,2,February,Poland,1,337.2,0.0,337.2,0
2011-02-04,2011,2,February,Switzerland,2,693.33,0.0,693.33,0
2011-02-04,2011,2,February,United Kingdom,68,22619.76,-96.12,22523.64,0
2011-02-06,2011,2,February,United Kingdom,11,3457.11,0.0,3457.11,0
2011-02-07,2011,2,February,Australia,4,259.95,-67.95,192.0,0
2011-02-07,2011,2,February,Cyprus,2,1993.96,0.0,1993.96,0
2011-02-07,2011,2,February,Germany,1,0.0,-94.93,-94.93,0
2011-02-07,2011,2,February,United Kingdom,46,23701.1,-266.14,23434.96,0
2011-02-08,2011,2,February,EIRE,1,0.0,-25.8,-25.8,0
2011-02-08,2011,2,February,France,1,201.86,0.0,201.86,0
2011-02-08,2011,2,February,Germany,3,0.0,-125.93,-125.93,0
2011-02-08,2011,2,February,Netherlands,2,1306.28,-45.0,1261.28,0
2011-02-08,2011,2,February,Poland,1,266.85,0.0,266.85,0
2011-02-08,2011,2,February,United Kingdom,50,19174.93,-25.05,19149.88,0
2011-02-09,2011,2,February,Belgium,1,84.3,0.0,84.3,0
2011-02-09,2011,2,February,France,1,455.02,0.0,455.02,0
2011-02-09,2011,2,February,Germany,1,168.9,0.0,168.9,0
2011-02-09,2011,2,February,Japan,1,5735.24,0.0,5735.24,0
2011-02-09,2011,2,February,Spain,1,762.11,0.0,762.11,0
2011-02-09,2011,2,February,United Kingdom,26,9479.26,0.0,9479.26,0
2011-02-10,2011,2,February,France,1,321.56,0.0,321.56,0
2011-02-10,2011,2,February,Germany,2,351.95,0.0,351.95,0
2011-02-10,2011,2,February,United Kingdom,62,14222.95,-1386.92,12836.03,0
2011-02-11,2011,2,February,Belgium,1,231.51,0.0,231.51,0
2011-02-11,2011,2,February,Germany,2,2355.95,-124.8,2231.15,0
2011-02-11,2011,2,February,Switzerland,1,0.0,-12.25,-12.25,0
2011-02-11,2011,2,February,United Kingdom,89,20285.64,-1225.53,19060.11,0
2011-02-13,2011,2,February,United Kingdom,24,5713.63,-178.23,5535.4,0
2011-02-14,2011,2,February,EIRE,2,3120.71,0.0,3120.71,0
2011-02-14,2011,2,February,France,1,0.0,-6.3,-6.3,0
2011-02-14,2011,2,February,Germany,3,802.49,-32.75,769.74,0
2011-02-14,2011,2,February,Spain,1,446.16,0.0,446.16,0
2011-02-14,2011,2,February,United Arab Emirates,1,889.24,0.0,889.24,0
2011-02-14,2011,2,February,United Kingdom,45,21444.91,-218.67,21226.24,0
2011-02-15,2011,2,February,Australia,1,14022.92,0.0,14022.92,0
2011-02-15,2011,2,February,Channel Islands,1,1784.71,0.0,1784.71,0
2011-02-15,2011,2,February,EIRE,2,4362.5,0.0,4362.5,0
2011-02-15,2011,2,February,France,2,255.6,-18.0,237.6,0
2011-02-15,2011,2,February,United Kingdom,62,19445.42,-709.82,18735.6,0
2011-02-16,2011,2,February,Cyprus,1,1683.9,0.0,1683.9,0
2011-02-16,2011,2,February,Denmark,1,399.22,0.0,399.22,0
2011-02-16,2011,2,February,France,2,919.66,-18.0,901.66,0
2011-02-16,2011,2,February,Israel,1,779.1,0.0,779.1,0
2011-02-16,2011,2,February,Norway,1,296.5,0.0,296.5,0
2011-02-16,2011,2,February,United Kingdom,63,20870.72,-200.29,20670.43,0
2011-02-17,2011,2,February,Belgium,2,1119.2,0.0,1119.2,0
2011-02-17,2011,2,February,Cyprus,1,15.0,0.0,15.0,0
2011-02-17,2011,2,February,EIRE,1,281.12,0.0,281.12,0
2011-02-17,2011,2,February,France,1,250.0,0.0,250.0,0
2011-02-17,2011,2,February,Germany,2,540.58,0.0,540.58,0
2011-02-17,2011,2,February,United Kingdom,66,24166.77,-10.8,24155.97,0
2011-02-18,2011,2,February,Belgium,1,0.0,-14.85,-14.85,0
2011-02-18,2011,2,February,EIRE,1,162.7,0.0,162.7,0
2011-02-18,2011,2,February,France,3,974.6,-10.2,964.4,0
2011-02-18,2011,2,February,Germany,1,152.4,0.0,152.4,0
2011-02-18,2011,2,February,Italy,1,256.0,0.0,256.0,0
2011-02-18,2011,2,February,Spain,1,0.0,-20.8,-20.8,0
2011-02-18,2011,2,February,United Kingdom,57,14648.05,-152.0,14496.05,0
2011-02-20,2011,2,February,United Kingdom,29,9621.29,-45.8,9575.49,0
2011-02-21,2011,2,February,Belgium,1,192.31,0.0,192.31,0
2011-02-21,2011,2,February,Cyprus,1,320.69,0.0,320.69,0
2011-02-21,2011,2,February,EIRE,2,1011.08,0.0,1011.08,0
2011-02-21,2011,2,February,France,2,746.82,0.0,746.82,0
2011-02-21,2011,2,February,Germany,3,1418.29,-17.0,1401.29,0
2011-02-21,2011,2,February,Netherlands,2,18279.48,0.0,18279.48,0
2011-02-21,2011,2,February,Portugal,1,973.65,0.0,973.65,0
2011-02-21,2011,2,February,United Kingdom,45,13125.74,-12243.23,882.51,0
2011-02-22,2011,2,February,France,2,0.0,-24.55,-24.55,0
2011-02-22,2011,2,February,Netherlands,1,3211.7,0.0,3211.7,0
2011-02-22,2011,2,February,United Kingdom,61,29276.15,-181.18,29094.97,0
2011-02-23,2011,2,February,EIRE,1,1480.2,0.0,1480.2,0
2011-02-23,2011,2,February,France,2,439.76,0.0,439.76,0
2011-02-23,2011,2,February,Germany,1,388.3,0.0,388.3,0
2011-02-23,2011,2,February,United Kingdom,63,24553.34,-68.65,24484.69,0
2011-02-24,2011,2,February,Belgium,1,0.0,-4.9,-4.9,0
2011-02-24,2011,2,February,Finland,1,205.16,0.0,205.16,0
2011-02-24,2011,2,February,Saudi Arabia,1,145.92,0.0,145.92,0
2011-02-24,2011,2,February,Switzerland,1,1340.32,0.0,1340.32,0
2011-02-24,2011,2,February,United Kingdom,62,21118.44,-149.11,20969.33,0
2011-02-25,2011,2,February,Belgium,1,189.9,0.0,189.9,0
2011-02-25,2011,2,February,EIRE,1,0.0,-2548.8,-2548.8,0
2011-02-25,2011,2,February,Germany,2,1300.4,0.0,1300.4,0
2011-02-25,2011,2,February,Switzerland,1,179.35,0.0,179.35,0
2011-02-25,2011,2,February,United Kingdom,46,18926.09,-17.1,18908.99,0
2011-02-27,2011,2,February,Australia,1,412.55,0.0,412.55,0
2011-02-27,2011,2,February,France,1,110.6,0.0,110.6,0
2011-02-27,2011,2,February,United Kingdom,33,9003.35,-35.45,8967.9,0
2011-02-28,2011,2,February,Belgium,1,149.95,0.0,149.95,0
2011-02-28,2011,2,February,Czech Republic,1,549.26,0.0,549.26,0
2011-02-28,2011,2,February,France,4,1451.51,0.0,1451.51,0
2011-02-28,2011,2,February,Portugal,1,240.25,0.0,240.25,0
2011-02-28,2011,2,February,Switzerland,1,441.92,0.0,441.92,0
2011-02-28,2011,2,February,United Kingdom,53,18107.22,-1.95,18105.27,0
2011-03-01,2011,3,March,Belgium,1,559.12,0.0,559.12,0
2011-03-01,2011,3,March,EIRE,1,2541.15,0.0,2541.15,0
2011-03-01,2011,3,March,Finland,2,4418.02,0.0,4418.02,0
2011-03-01,2011,3,March,France,2,1146.26,0.0,1146.26,0
2011-03-01,2011,3,March,Germany,1,762.5,0.0,762.5,0
2011-03-01,2011,3,March,Norway,1,144.35,0.0,144.35,0
2011-03-01,2011,3,March,United Kingdom,55,15392.06,-42.95,15349.11,0
2011-03-02,2011,3,March,Channel Islands,1,828.84,0.0,828.84,0
2011-03-02,2011,3,March,Japan,2,15.3,-43.39,-28.09,0
2011-03-02,2011,3,March,United Kingdom,64,17846.65,-350.95,17495.7,0
2011-03-03,2011,3,March,Australia,2,16726.84,-168.7,16558.14,0
2011-03-03,2011,3,March,Austria,1,166.04,0.0,166.04,0
2011-03-03,2011,3,March,Belgium,1,410.0,0.0,410.0,0
2011-03-03,2011,3,March,EIRE,1,0.0,-10.2,-10.2,0
2011-03-03,2011,3,March,France,2,573.16,0.0,573.16,0
2011-03-03,2011,3,March,Germany,2,725.28,0.0,725.28,0
2011-03-03,2011,3,March,Saudi Arabia,1,0.0,-14.75,-14.75,0
2011-03-03,2011,3,March,United Kingdom,75,17802.68,-367.73,17434.95,0
2011-03-04,2011,3,March,EIRE,2,1185.49,0.0,1185.49,0
2011-03-04,2011,3,March,France,1,317.25,0.0,317.25,0
2011-03-04,2011,3,March,Greece,1,387.31,0.0,387.31,0
2011-03-04,2011,3,March,Italy,1,463.63,0.0,463.63,0
2011-03-04,2011,3,March,Japan,1,17.55,0.0,17.55,0
2011-03-04,2011,3,March,Spain,2,471.8,0.0,471.8,0
2011-03-04,2011,3,March,United Kingdom,48,16662.92,-31.93,16630.99,0
2011-03-06,2011,3,March,United Kingdom,35,10005.37,-375.09,9630.28,0
2011-03-07,2011,3,March,France,1,0.0,-20.4,-20.4,0
2011-03-07,2011,3,March,Germany,3,817.56,0.0,817.56,0
2011-03-07,2011,3,March,Japan,1,16.05,0.0,16.05,0
2011-03-07,2011,3,March,Spain,1,0.0,-36.5,-36.5,0
2011-03-07,2011,3,March,United Kingdom,95,31475.44,-934.48,30540.96,0
2011-03-08,2011,3,March,France,1,0.0,-37.25,-37.25,0
2011-03-08,2011,3,March,Germany,3,884.63,0.0,884.63,0
2011-03-08,2011,3,March,Portugal,1,1570.19,0.0,1570.19,0
2011-03-08,2011,3,March,United Kingdom,56,22614.2,-26.9,22587.3,0
2011-03-09,2011,3,March,Australia,1,210.9,0.0,210.9,0
2011-03-09,2011,3,March,Channel Islands,1,1576.36,0.0,1576.36,0
2011-03-09,2011,3,March,Netherlands,1,444.8,0.0,444.8,0
2011-03-09,2011,3,March,Switzerland,1,439.28,0.0,439.28,0
2011-03-09,2011,3,March,United Kingdom,75,19347.55,-131.72,19215.83,0
2011-03-10,2011,3,March,Belgium,1,0.0,-18.4,-18.4,0
2011-03-10,2011,3,March,Channel Islands,1,1104.13,0.0,1104.13,0
2011-03-10,2011,3,March,Cyprus,1,938.39,0.0,938.39,0
2011-03-10,2011,3,March,EIRE,4,6162.02,0.0,6162.02,0
2011-03-10,2011,3,March,Sweden,2,122.4,-180.0,-57.6,0
2011-03-10,2011,3,March,United Kingdom,81,17793.28,-323.93,17469.35,0
2011-03-11,2011,3,March,France,1,712.85,0.0,712.85,0
2011-03-11,2011,3,March,Germany,2,987.42,-14.25,973.17,0
2011-03-11,2011,3,March,United Kingdom,58,20390.57,-91.31,20299.26,0
2011-03-13,2011,3,March,France,1,343.29,0.0,343.29,0
2011-03-13,2011,3,March,United Kingdom,16,3792.75,-10.5,3782.25,0
2011-03-14,2011,3,March,Belgium,1,357.07,0.0,357.07,0
2011-03-14,2011,3,March,Canada,1,140.54,0.0,140.54,0
2011-03-14,2011,3,March,EIRE,3,1825.25,0.0,1825.25,0
2011-03-14,2011,3,March,France,1,479.4,0.0,479.4,0
2011-03-14,2011,3,March,Germany,1,0.0,-44.85,-44.85,0
2011-03-14,2011,3,March,Italy,1,0.0,-9.9,-9.9,0
2011-03-14,2011,3,March,Netherlands,1,117.93,0.0,117.93,0
2011-03-14,2011,3,March,Sweden,1,4400.28,0.0,4400.28,0
2011-03-14,2011,3,March,United Kingdom,51,18698.23,-100.21,18598.02,0
2011-03-15,2011,3,March,EIRE,3,3389.6,0.0,3389.6,0
2011-03-15,2011,3,March,France,2,565.54,-15.0,550.54,0
2011-03-15,2011,3,March,Poland,1,317.78,0.0,317.78,0
2011-03-15,2011,3,March,United Kingdom,57,16636.81,-234.7,16402.11,0
2011-03-16,2011,3,March,France,2,262.8,0.0,262.8,0
2011-03-16,2011,3,March,Germany,1,300.7,0.0,300.7,0
2011-03-16,2011,3,March,Spain,2,1218.95,0.0,1218.95,0
2011-03-16,2011,3,March,United Kingdom,54,20148.27,-765.72,19382.55,0
2011-03-17,2011,3,March,Denmark,1,3978.99,0.0,3978.99,0
2011-03-17,2011,3,March,EIRE,2,381.78,-4.95,376.83,0
2011-03-17,2011,3,March,Germany,3,1363.2,-51.75,1311.45,0
2011-03-17,2011,3,March,Italy,1,1017.68,0.0,1017.68,0
2011-03-17,2011,3,March,Norway,1,120.33,0.0,120.33,0
2011-03-17,2011,3,March,United Kingdom,75,33037.96,-357.38,32680.58,0
2011-03-18,2011,3,March,EIRE,1,743.71,0.0,743.71,0
2011-03-18,2011,3,March,Germany,5,2390.93,0.0,2390.93,0
2011-03-18,2011,3,March,United Kingdom,69,24536.36,-11382.28,13154.08,0
2011-03-20,2011,3,March,Belgium,1,226.3,0.0,226.3,0
2011-03-20,2011,3,March,EIRE,1,197.8,0.0,197.8,0
2011-03-20,2011,3,March,Finland,1,409.2,0.0,409.2,0
2011-03-20,2011,3,March,France,1,316.02,0.0,316.02,0
2011-03-20,2011,3,March,Germany,2,363.93,0.0,363.93,0
2011-03-20,2011,3,March,United Kingdom,58,20640.24,-165.9,20474.34,0
2011-03-21,2011,3,March,Belgium,1,347.35,0.0,347.35,0
2011-03-21,2011,3,March,Finland,1,0.0,-12.2,-12.2,0
2011-03-21,2011,3,March,France,2,205.87,0.0,205.87,0
2011-03-21,2011,3,March,Poland,1,0.0,-14.39,-14.39,0
2011-03-21,2011,3,March,United Kingdom,64,16162.3,-318.66,15843.64,0
2011-03-22,2011,3,March,France,1,523.98,0.0,523.98,0
2011-03-22,2011,3,March,Germany,3,1319.98,0.0,1319.98,0
2011-03-22,2011,3,March,Netherlands,1,235.71,0.0,235.71,0
2011-03-22,2011,3,March,Norway,2,160.33,-120.33,40.0,0
2011-03-22,2011,3,March,Spain,1,1085.99,0.0,1085.99,0
2011-03-22,2011,3,March,United Kingdom,75,28189.59,-82.9,28106.69,0
2011-03-23,2011,3,March,Austria,1,1542.08,0.0,1542.08,0
2011-03-23,2011,3,March,Belgium,2,614.55,0.0,614.55,0
2011-03-23,2011,3,March,France,4,1891.28,0.0,1891.28,0
2011-03-23,2011,3,March,Portugal,1,247.6,0.0,247.6,0
2011-03-23,2011,3,March,United Kingdom,80,19796.16,-62.6,19733.56,0
2011-03-24,2011,3,March,Australia,1,286.25,0.0,286.25,0
2011-03-24,2011,3,March,Belgium,2,837.59,0.0,837.59,0
2011-03-24,2011,3,March,EIRE,1,415.45,0.0,415.45,0
2011-03-24,2011,3,March,Germany,3,0.0,-45.15,-45.15,0
2011-03-24,2011,3,March,Portugal,1,27.0,0.0,27.0,0
2011-03-24,2011,3,March,Spain,1,1140.76,0.0,1140.76,0
2011-03-24,2011,3,March,Sweden,1,197.9,0.0,197.9,0
2011-03-24,2011,3,March,United Kingdom,85,33792.19,-89.89,33702.3,0
2011-03-25,2011,3,March,EIRE,1,750.37,0.0,750.37,0
2011-03-25,2011,3,March,France,1,357.91,0.0,357.91,0
2011-03-25,2011,3,March,Germany,4,2651.34,-6.2,2645.14,0
2011-03-25,2011,3,March,Netherlands,2,1563.51,0.0,1563.51,0
2011-03-25,2011,3,March,Spain,1,628.15,0.0,628.15,0
2011-03-25,2011,3,March,Switzerland,1,490.78,0.0,490.78,0
2011-03-25,2011,3,March,United Kingdom,57,24951.3,-731.98,24219.32,0
2011-03-27,2011,3,March,EIRE,1,0.0,-24.79,-24.79,0
2011-03-27,2011,3,March,France,1,164.05,0.0,164.05,0
2011-03-27,2011,3,March,Germany,1,0.0,-3.75,-3.75,0
2011-03-27,2011,3,March,United Kingdom,43,9062.35,-232.83,8829.52,0
2011-03-28,2011,3,March,EIRE,1,539.0,0.0,539.0,0
2011-03-28,2011,3,March,France,1,1136.3,0.0,1136.3,0
2011-03-28,2011,3,March,Germany,4,1089.54,-2.07,1087.47,0
2011-03-28,2011,3,March,Italy,3,325.5,-18.0,307.5,0
2011-03-28,2011,3,March,Portugal,1,400.54,0.0,400.54,0
2011-03-28,2011,3,March,Spain,1,817.5,0.0,817.5,0
2011-03-28,2011,3,March,United Kingdom,74,18867.34,-910.0,17957.34,0
2011-03-29,2011,3,March,EIRE,1,523.15,0.0,523.15,0
2011-03-29,2011,3,March,Netherlands,2,18247.5,0.0,18247.5,0
2011-03-29,2011,3,March,United Kingdom,92,51703.15,-180.45,51522.7,0
2011-03-30,2011,3,March,Finland,1,558.4,0.0,558.4,0
2011-03-30,2011,3,March,Germany,2,418.7,-54.65,364.05,0
2011-03-30,2011,3,March,Netherlands,1,1807.04,0.0,1807.04,0
2011-03-30,2011,3,March,Switzerland,1,940.17,0.0,940.17,0
2011-03-30,2011,3,March,United Kingdom,113,28159.32,-341.38,27817.94,0
2011-03-31,2011,3,March,EIRE,1,168.4,0.0,168.4,0
2011-03-31,2011,3,March,France,3,5593.59,0.0,5593.59,0
2011-03-31,2011,3,March,Germany,2,316.98,0.0,316.98,0
2011-03-31,2011,3,March,Portugal,1,415.52,0.0,415.52,0
2011-03-31,2011,3,March,United Kingdom,84,27838.46,-3123.17,24715.29,0
2011-04-01,2011,4,April,Australia,1,350.0,0.0,350.0,0
2011-04-01,2011,4,April,Czech Republic,1,0.0,-57.51,-57.51,0
2011-04-01,2011,4,April,EIRE,1,1407.19,0.0,1407.19,0
2011-04-01,2011,4,April,France,3,390.75,-7.95,382.8,0
2011-04-01,2011,4,April,Germany,1,348.68,0.0,348.68,0
2011-04-01,2011,4,April,Israel,1,110.0,0.0,110.0,0
2011-04-01,2011,4,April,United Kingdom,99,23023.29,-1210.27,21813.02,0
2011-04-03,2011,4,April,United Kingdom,22,6943.15,-65.05,6878.1,0
2011-04-04,2011,4,April,Australia,1,0.0,-13.2,-13.2,0
2011-04-04,2011,4,April,EIRE,2,2448.12,0.0,2448.12,0
2011-04-04,2011,4,April,France,2,719.55,0.0,719.55,0
2011-04-04,2011,4,April,Germany,2,674.29,0.0,674.29,0
2011-04-04,2011,4,April,Japan,1,0.0,-1591.2,-1591.2,0
2011-04-04,2011,4,April,United Kingdom,69,23319.44,-485.98,22833.46,0
2011-04-05,2011,4,April,Finland,1,367.0,0.0,367.0,0
2011-04-05,2011,4,April,Germany,2,0.0,-56.35,-56.35,0
2011-04-05,2011,4,April,Japan,1,3599.38,0.0,3599.38,0
2011-04-05,2011,4,April,Netherlands,2,2284.2,0.0,2284.2,0
2011-04-05,2011,4,April,Poland,1,705.84,0.0,705.84,0
2011-04-05,2011,4,April,Singapore,1,2118.74,0.0,2118.74,0
2011-04-05,2011,4,April,United Kingdom,86,19933.31,-598.29,19335.02,0
2011-04-06,2011,4,April,EIRE,1,955.99,0.0,955.99,0
2011-04-06,2011,4,April,Germany,1,0.0,-5.46,-5.46,0
2011-04-06,2011,4,April,United Kingdom,87,16406.37,-77.55,16328.82,0
2011-04-07,2011,4,April,Belgium,2,255.36,-14.48,240.88,0
2011-04-07,2011,4,April,EIRE,2,583.41,0.0,583.41,0
2011-04-07,2011,4,April,Finland,1,0.0,-62.11,-62.11,0
2011-04-07,2011,4,April,France,1,366.2,0.0,366.2,0
2011-04-07,2011,4,April,Germany,1,415.7,0.0,415.7,0
2011-04-07,2011,4,April,Iceland,1,636.25,0.0,636.25,0
2011-04-07,2011,4,April,Italy,1,482.79,0.0,482.79,0
2011-04-07,2011,4,April,United Kingdom,72,15771.48,-207.3,15564.18,0
2011-04-08,2011,4,April,Australia,1,421.6,0.0,421.6,0
2011-04-08,2011,4,April,Belgium,1,0.0,-14.85,-14.85,0
2011-04-08,2011,4,April,Germany,3,1672.01,-5.41,1666.6,0
2011-04-08,2011,4,April,Greece,1,609.74,0.0,609.74,0
2011-04-08,2011,4,April,Portugal,1,481.46,0.0,481.46,0
2011-04-08,2011,4,April,United Kingdom,128,20242.97,-1976.24,18266.73,0
2011-04-10,2011,4,April,Belgium,1,476.49,0.0,476.49,0
2011-04-10,2011,4,April,United Kingdom,36,9437.49,-550.1,8887.39,0
2011-04-11,2011,4,April,EIRE,2,998.53,0.0,998.53,0
2011-04-11,2011,4,April,Finland,1,373.72,0.0,373.72,0
2011-04-11,2011,4,April,France,1,0.0,-38.25,-38.25,0
2011-04-11,2011,4,April,Germany,2,630.32,0.0,630.32,0
2011-04-11,2011,4,April,Spain,1,269.95,0.0,269.95,0
2011-04-11,2011,4,April,Switzerland,1,0.0,-29.85,-29.85,0
2011-04-11,2011,4,April,United Kingdom,65,19780.15,-174.86,19605.29,0
2011-04-11,2011,4,April,Unspecified,1,299.1,0.0,299.1,0
2011-04-12,2011,4,April,Belgium,2,350.57,-6.0,344.57,0
2011-04-12,2011,4,April,Hong Kong,1,1539.64,0.0,1539.64,0
2011-04-12,2011,4,April,United Kingdom,77,23371.27,-440.05,22931.22,0
2011-04-13,2011,4,April,Channel Islands,1,293.0,0.0,293.0,0
2011-04-13,2011,4,April,Cyprus,1,0.0,-35.8,-35.8,0
2011-04-13,2011,4,April,Portugal,1,1206.29,0.0,1206.29,0
2011-04-13,2011,4,April,United Kingdom,74,22980.24,-438.02,22542.22,0
2011-04-14,2011,4,April,France,2,669.2,-54.0,615.2,0
2011-04-14,2011,4,April,Germany,7,3440.31,-1.25,3439.06,0
2011-04-14,2011,4,April,Switzerland,1,669.25,0.0,669.25,0
2011-04-14,2011,4,April,United Kingdom,98,31325.31,-695.64,30629.67,0
2011-04-15,2011,4,April,Belgium,1,142.16,0.0,142.16,0
2011-04-15,2011,4,April,Brazil,1,1143.6,0.0,1143.6,0
2011-04-15,2011,4,April,Finland,1,306.2,0.0,306.2,0
2011-04-15,2011,4,April,Sweden,1,486.1,0.0,486.1,0
2011-04-15,2011,4,April,Switzerland,1,219.0,0.0,219.0,0
2011-04-15,2011,4,April,United Kingdom,52,26037.06,-6.99,26030.07,0
2011-04-17,2011,4,April,EIRE,1,446.74,0.0,446.74,0
2011-04-17,2011,4,April,France,2,630.22,0.0,630.22,0
2011-04-17,2011,4,April,United Kingdom,41,11648.54,-21.2,11627.34,0
2011-04-18,2011,4,April,Belgium,1,269.66,0.0,269.66,0
2011-04-18,2011,4,April,France,1,0.0,-86.0,-86.0,0
2011-04-18,2011,4,April,Japan,1,2949.12,0.0,2949.12,0
2011-04-18,2011,4,April,United Kingdom,91,52571.58,-23531.82,29039.76,0
2011-04-19,2011,4,April,EIRE,1,367.62,0.0,367.62,0
2011-04-19,2011,4,April,Germany,4,2614.6,-23.7,2590.9,0
2011-04-19,2011,4,April,Italy,1,255.04,0.0,255.04,0
2011-04-19,2011,4,April,USA,1,383.95,0.0,383.95,0
2011-04-19,2011,4,April,United Kingdom,67,20714.49,-319.14,20395.35,0
2011-04-20,2011,4,April,France,1,541.2,0.0,541.2,0
2011-04-20,2011,4,April,Germany,1,417.6,0.0,417.6,0
2011-04-20,2011,4,April,Switzerland,3,179.0,-224.9,-45.9,0
2011-04-20,2011,4,April,United Kingdom,84,27532.67,-206.18,27326.49,0
2011-04-21,2011,4,April,Finland,1,642.0,0.0,642.0,0
2011-04-21,2011,4,April,France,2,706.55,0.0,706.55,0
2011-04-21,2011,4,April,Germany,2,382.6,0.0,382.6,0
2011-04-21,2011,4,April,Spain,1,1079.4,0.0,1079.4,0
2011-04-21,2011,4,April,Switzerland,1,1009.69,0.0,1009.69,0
2011-04-21,2011,4,April,United Kingdom,103,28793.44,-544.03,28249.41,0
2011-04-26,2011,4,April,Austria,2,680.78,0.0,680.78,0
2011-04-26,2011,4,April,European Community,1,191.4,0.0,191.4,0
2011-04-26,2011,4,April,France,1,160.54,0.0,160.54,0
2011-04-26,2011,4,April,Germany,1,0.0,-37.25,-37.25,0
2011-04-26,2011,4,April,Japan,1,0.0,-85.47,-85.47,0
2011-04-26,2011,4,April,United Kingdom,79,30011.41,-335.57,29675.84,0
2011-04-27,2011,4,April,EIRE,1,362.9,0.0,362.9,0
2011-04-27,2011,4,April,France,1,0.0,-11.9,-11.9,0
2011-04-27,2011,4,April,Germany,1,1209.8,0.0,1209.8,0
2011-04-27,2011,4,April,Sweden,1,323.0,0.0,323.0,0
2011-04-27,2011,4,April,United Kingdom,88,24033.82,-339.98,23693.84,0
2011-04-28,2011,4,April,Australia,1,0.0,-425.0,-425.0,0
2011-04-28,2011,4,April,Belgium,1,495.24,0.0,495.24,0
2011-04-28,2011,4,April,France,1,209.1,0.0,209.1,0
2011-04-28,2011,4,April,Germany,1,286.88,0.0,286.88,0
2011-04-28,2011,4,April,Netherlands,1,692.36,0.0,692.36,0
2011-04-28,2011,4,April,Spain,1,436.3,0.0,436.3,0
2011-04-28,2011,4,April,United Kingdom,93,19981.67,-833.64,19148.03,0
2011-05-01,2011,5,May,Germany,1,1094.33,0.0,1094.33,0
2011-05-01,2011,5,May,United Kingdom,19,5879.33,-7.05,5872.28,0
2011-05-03,2011,5,May,EIRE,2,1164.21,0.0,1164.21,0
2011-05-03,2011,5,May,France,6,1823.34,0.0,1823.34,0
2011-05-03,2011,5,May,Germany,1,0.0,-13.1,-13.1,0
2011-05-03,2011,5,May,Sweden,1,0.0,-8.5,-8.5,0
2011-05-03,2011,5,May,Switzerland,1,0.0,-42.8,-42.8,0
2011-05-03,2011,5,May,United Kingdom,114,32215.91,-8616.86,23599.05,0
2011-05-04,2011,5,May,Canada,1,534.24,0.0,534.24,0
2011-05-04,2011,5,May,Germany,4,822.74,0.0,822.74,0
2011-05-04,2011,5,May,Spain,1,1380.11,0.0,1380.11,0
2011-05-04,2011,5,May,Sweden,1,0.0,-8.5,-8.5,0
2011-05-04,2011,5,May,United Kingdom,70,24807.06,-73.35,24733.71,0
2011-05-05,2011,5,May,Belgium,1,149.97,0.0,149.97,0
2011-05-05,2011,5,May,EIRE,2,366.86,-9.95,356.91,0
2011-05-05,2011,5,May,France,1,236.0,0.0,236.0,0
2011-05-05,2011,5,May,Germany,2,440.38,0.0,440.38,0
2011-05-05,2011,5,May,Poland,1,154.8,0.0,154.8,0
2011-05-05,2011,5,May,Switzerland,1,2388.31,0.0,2388.31,0
2011-05-05,2011,5,May,United Kingdom,102,25431.67,-413.69,25017.98,0
2011-05-06,2011,5,May,Austria,1,165.85,0.0,165.85,0
2011-05-06,2011,5,May,Belgium,1,381.08,0.0,381.08,0
2011-05-06,2011,5,May,EIRE,1,3869.18,0.0,3869.18,0
2011-05-06,2011,5,May,Germany,2,246.08,-5.1,240.98,0
2011-05-06,2011,5,May,Spain,1,522.6,0.0,522.6,0
2011-05-06,2011,5,May,United Kingdom,106,30941.56,-217.23,30724.33,0
2011-05-08,2011,5,May,EIRE,1,862.53,0.0,862.53,0
2011-05-08,2011,5,May,France,2,1092.43,-36.0,1056.43,0
2011-05-08,2011,5,May,United Kingdom,64,16911.44,-22.48,16888.96,0
2011-05-09,2011,5,May,Bahrain,1,459.4,0.0,459.4,0
2011-05-09,2011,5,May,France,3,554.9,-17.0,537.9,0
2011-05-09,2011,5,May,Germany,2,667.11,-42.63,624.48,0
2011-05-09,2011,5,May,Switzerland,1,315.3,0.0,315.3,0
2011-05-09,2011,5,May,United Kingdom,74,25903.0,-468.98,25434.02,0
2011-05-10,2011,5,May,Belgium,1,480.9,0.0,480.9,0
2011-05-10,2011,5,May,EIRE,3,810.45,0.0,810.45,0
2011-05-10,2011,5,May,France,1,489.1,0.0,489.1,0
2011-05-10,2011,5,May,Germany,2,797.05,0.0,797.05,0
2011-05-10,2011,5,May,United Kingdom,106,44055.09,-1921.15,42133.94,0
2011-05-10,2011,5,May,Unspecified,1,852.68,0.0,852.68,0
2011-05-11,2011,5,May,Denmark,1,515.7,0.0,515.7,0
2011-05-11,2011,5,May,France,2,3018.73,0.0,3018.73,0
2011-05-11,2011,5,May,Germany,2,375.0,-5.95,369.05,0
2011-05-11,2011,5,May,Netherlands,2,824.4,0.0,824.4,0
2011-05-11,2011,5,May,Sweden,1,8.5,0.0,8.5,0
2011-05-11,2011,5,May,United Kingdom,88,28944.92,-435.84,28509.08,0
2011-05-12,2011,5,May,Australia,1,475.16,0.0,475.16,0
2011-05-12,2011,5,May,Belgium,1,181.82,0.0,181.82,0
2011-05-12,2011,5,May,France,1,296.53,0.0,296.53,0
2011-05-12,2011,5,May,Germany,6,12165.25,0.0,12165.25,0
2011-05-12,2011,5,May,Netherlands,3,16478.46,0.0,16478.46,0
2011-05-12,2011,5,May,Portugal,1,602.83,0.0,602.83,0
2011-05-12,2011,5,May,Sweden,1,2557.88,0.0,2557.88,0
2011-05-12,2011,5,May,United Kingdom,88,28582.09,-287.5,28294.59,0
2011-05-13,2011,5,May,France,3,1000.51,0.0,1000.51,0
2011-05-13,2011,5,May,Germany,2,881.2,0.0,881.2,0
2011-05-13,2011,5,May,Hong Kong,1,1966.16,0.0,1966.16,0
2011-05-13,2011,5,May,Japan,1,1351.45,0.0,1351.45,0
2011-05-13,2011,5,May,United Kingdom,70,25550.63,-5.88,25544.75,0
2011-05-15,2011,5,May,EIRE,1,603.78,0.0,603.78,0
2011-05-15,2011,5,May,France,1,151.4,0.0,151.4,0
2011-05-15,2011,5,May,United Kingdom,29,9165.8,0.0,9165.8,0
2011-05-16,2011,5,May,EIRE,4,4615.36,0.0,4615.36,0
2011-05-16,2011,5,May,France,2,726.62,0.0,726.62,0
2011-05-16,2011,5,May,United Kingdom,80,34279.3,-13040.87,21238.43,0
2011-05-17,2011,5,May,Australia,1,11924.8,0.0,11924.8,0
2011-05-17,2011,5,May,Belgium,1,297.38,0.0,297.38,0
2011-05-17,2011,5,May,EIRE,3,1216.12,-51.36,1164.76,0
2011-05-17,2011,5,May,France,1,793.62,0.0,793.62,0
2011-05-17,2011,5,May,Germany,2,760.28,-18.0,742.28,0
2011-05-17,2011,5,May,United Kingdom,111,38948.47,-1185.8,37762.67,0
2011-05-18,2011,5,May,EIRE,1,1414.36,0.0,1414.36,0
2011-05-18,2011,5,May,France,3,869.53,0.0,869.53,0
2011-05-18,2011,5,May,Netherlands,1,732.4,0.0,732.4,0
2011-05-18,2011,5,May,Sweden,1,115.6,0.0,115.6,0
2011-05-18,2011,5,May,United Kingdom,83,31351.55,-146.15,31205.4,0
2011-05-19,2011,5,May,Bahrain,1,89.0,0.0,89.0,0
2011-05-19,2011,5,May,Channel Islands,1,914.24,0.0,914.24,0
2011-05-19,2011,5,May,EIRE,2,1203.8,0.0,1203.8,0
2011-05-19,2011,5,May,France,2,914.51,0.0,914.51,0
2011-05-19,2011,5,May,Germany,7,2081.12,-21.9,2059.22,0
2011-05-19,2011,5,May,United Kingdom,110,30193.49,-1228.7,28964.79,0
2011-05-19,2011,5,May,Unspecified,1,203.19,0.0,203.19,0
2011-05-20,2011,5,May,Australia,1,766.36,0.0,766.36,0
2011-05-20,2011,5,May,EIRE,1,380.32,0.0,380.32,0
2011-05-20,2011,5,May,France,2,1118.4,-17.85,1100.55,0
2011-05-20,2011,5,May,Germany,1,0.0,-29.9,-29.9,0
2011-05-20,2011,5,May,Netherlands,1,294.72,0.0,294.72,0
2011-05-20,2011,5,May,United Kingdom,84,24158.37,-413.9,23744.47,0
2011-05-22,2011,5,May,France,2,910.71,0.0,910.71,0
2011-05-22,2011,5,May,Germany,2,1703.81,0.0,1703.81,0
2011-05-22,2011,5,May,United Kingdom,58,21616.57,-24.87,21591.7,0
2011-05-23,2011,5,May,Australia,1,472.09,0.0,472.09,0
2011-05-23,2011,5,May,Austria,1,1083.58,0.0,1083.58,0
2011-05-23,2011,5,May,Belgium,3,514.82,0.0,514.82,0
2011-05-23,2011,5,May,EIRE,1,1007.75,0.0,1007.75,0
2011-05-23,2011,5,May,France,1,421.96,0.0,421.96,0
2011-05-23,2011,5,May,Germany,6,1021.65,-35.77,985.88,0
2011-05-23,2011,5,May,United Kingdom,101,27122.07,-373.6,26748.47,0
2011-05-24,2011,5,May,Belgium,1,0.0,-5.4,-5.4,0
2011-05-24,2011,5,May,EIRE,1,0.0,-20.3,-20.3,0
2011-05-24,2011,5,May,France,1,393.34,0.0,393.34,0
2011-05-24,2011,5,May,Germany,1,293.25,0.0,293.25,0
2011-05-24,2011,5,May,United Kingdom,96,36973.45,-545.43,36428.02,0
2011-05-25,2011,5,May,Channel Islands,1,0.0,-10.45,-10.45,0
2011-05-25,2011,5,May,France,3,1280.82,0.0,1280.82,0
2011-05-25,2011,5,May,Netherlands,1,1392.0,0.0,1392.0,0
2011-05-25,2011,5,May,Poland,2,1367.57,0.0,1367.57,0
2011-05-25,2011,5,May,United Kingdom,83,20367.73,-142.75,20224.98,0
2011-05-26,2011,5,May,EIRE,4,494.04,-5.8,488.24,0
2011-05-26,2011,5,May,France,2,630.5,0.0,630.5,0
2011-05-26,2011,5,May,Germany,5,1027.53,0.0,1027.53,0
2011-05-26,2011,5,May,Netherlands,1,8980.88,0.0,8980.88,0
2011-05-26,2011,5,May,Spain,1,48.4,0.0,48.4,0
2011-05-26,2011,5,May,United Kingdom,65,22315.68,-282.64,22033.04,0
2011-05-27,2011,5,May,Belgium,1,726.43,0.0,726.43,0
2011-05-27,2011,5,May,France,1,403.09,0.0,403.09,0
2011-05-27,2011,5,May,Germany,1,716.73,0.0,716.73,0
2011-05-27,2011,5,May,United Kingdom,82,26595.18,-209.84,26385.34,0
2011-05-29,2011,5,May,Germany,1,582.73,0.0,582.73,0
2011-05-29,2011,5,May,United Kingdom,24,6811.57,-186.0,6625.57,0
2011-05-31,2011,5,May,Australia,1,0.0,-9.9,-9.9,0
2011-05-31,2011,5,May,France,2,458.84,-16.95,441.89,0
2011-05-31,2011,5,May,Germany,2,74.96,-7.5,67.46,0
2011-05-31,2011,5,May,Italy,1,587.45,0.0,587.45,0
2011-05-31,2011,5,May,Netherlands,2,483.02,0.0,483.02,0
2011-05-31,2011,5,May,Spain,1,1306.49,0.0,1306.49,0
2011-05-31,2011,5,May,Switzerland,1,906.4,0.0,906.4,0
2011-05-31,2011,5,May,United Kingdom,52,18893.6,-711.75,18181.85,0
2011-06-01,2011,6,June,Belgium,1,84.92,0.0,84.92,0
2011-06-01,2011,6,June,EIRE,1,0.0,-7.5,-7.5,0
2011-06-01,2011,6,June,Germany,3,672.19,-58.4,613.79,0
2011-06-01,2011,6,June,Netherlands,2,5422.8,0.0,5422.8,0
2011-06-01,2011,6,June,Poland,1,0.0,-53.91,-53.91,0
2011-06-01,2011,6,June,United Kingdom,57,14411.83,-284.68,14127.15,0
2011-06-02,2011,6,June,Australia,1,0.0,-23.0,-23.0,0
2011-06-02,2011,6,June,Germany,4,1992.21,-21.33,1970.88,0
2011-06-02,2011,6,June,Sweden,1,121.55,0.0,121.55,0
2011-06-02,2011,6,June,United Kingdom,79,30712.38,-268.1,30444.28,0
2011-06-03,2011,6,June,Cyprus,1,1109.32,0.0,1109.32,0
2011-06-03,2011,6,June,Germany,1,68.1,0.0,68.1,0
2011-06-03,2011,6,June,Netherlands,1,419.8,0.0,419.8,0
2011-06-03,2011,6,June,Poland,2,25.0,-25.0,0.0,0
2011-06-03,2011,6,June,Spain,1,264.4,0.0,264.4,0
2011-06-03,2011,6,June,United Kingdom,47,15026.63,-137.25,14889.38,0
2011-06-05,2011,6,June,Belgium,2,1296.12,0.0,1296.12,0
2011-06-05,2011,6,June,European Community,1,387.05,0.0,387.05,0
2011-06-05,2011,6,June,France,3,3442.51,0.0,3442.51,0
2011-06-05,2011,6,June,Germany,2,1002.63,0.0,1002.63,0
2011-06-05,2011,6,June,United Kingdom,62,19511.23,-119.19,19392.04,0
2011-06-06,2011,6,June,EIRE,1,958.12,0.0,958.12,0
2011-06-06,2011,6,June,European Community,1,45.0,0.0,45.0,0
2011-06-06,2011,6,June,France,1,371.45,0.0,371.45,0
2011-06-06,2011,6,June,Germany,2,512.8,-23.35,489.45,0
2011-06-06,2011,6,June,Netherlands,1,427.58,0.0,427.58,0
2011-06-06,2011,6,June,Spain,1,357.99,0.0,357.99,0
2011-06-06,2011,6,June,United Kingdom,66,15111.45,-974.33,14137.12,0
2011-06-07,2011,6,June,Belgium,1,607.55,0.0,607.55,0
2011-06-07,2011,6,June,EIRE,1,254.31,0.0,254.31,0
2011-06-07,2011,6,June,Germany,1,0.0,-40.46,-40.46,0
2011-06-07,2011,6,June,Italy,1,159.11,0.0,159.11,0
2011-06-07,2011,6,June,Portugal,1,243.2,0.0,243.2,0
2011-06-07,2011,6,June,United Kingdom,93,36689.8,-272.96,36416.84,0
2011-06-08,2011,6,June,Belgium,1,99.45,0.0,99.45,0
2011-06-08,2011,6,June,EIRE,2,3351.32,0.0,3351.32,0
2011-06-08,2011,6,June,France,5,1598.08,-286.34,1311.74,0
2011-06-08,2011,6,June,Malta,1,833.16,0.0,833.16,0
2011-06-08,2011,6,June,Portugal,1,151.95,0.0,151.95,0
2011-06-08,2011,6,June,Switzerland,1,612.68,0.0,612.68,0
2011-06-08,2011,6,June,United Kingdom,102,36488.31,-37.08,36451.23,0
2011-06-09,2011,6,June,Belgium,1,130.08,0.0,130.08,0
2011-06-09,2011,6,June,Denmark,1,1621.25,0.0,1621.25,0
2011-06-09,2011,6,June,EIRE,2,984.27,0.0,984.27,0
2011-06-09,2011,6,June,France,2,1030.59,0.0,1030.59,0
2011-06-09,2011,6,June,Germany,2,475.14,0.0,475.14,0
2011-06-09,2011,6,June,Iceland,1,382.52,0.0,382.52,0
2011-06-09,2011,6,June,Italy,1,42.96,0.0,42.96,0
2011-06-09,2011,6,June,Netherlands,2,84.0,-15.0,69.0,0
2011-06-09,2011,6,June,Spain,1,912.66,0.0,912.66,0
2011-06-09,2011,6,June,Sweden,1,319.95,0.0,319.95,0
2011-06-09,2011,6,June,United Kingdom,95,40401.12,-258.35,40142.77,0
2011-06-10,2011,6,June,European Community,1,0.0,-8.5,-8.5,0
2011-06-10,2011,6,June,France,1,480.0,0.0,480.0,0
2011-06-10,2011,6,June,Germany,1,627.4,0.0,627.4,0
2011-06-10,2011,6,June,Switzerland,1,6207.08,0.0,6207.08,0
2011-06-10,2011,6,June,United Kingdom,87,54919.96,-715.28,54204.68,0
2011-06-12,2011,6,June,France,1,360.18,0.0,360.18,0
2011-06-12,2011,6,June,Germany,1,583.2,0.0,583.2,0
2011-06-12,2011,6,June,United Kingdom,38,11573.68,-33.2,11540.48,0
2011-06-13,2011,6,June,EIRE,1,821.32,0.0,821.32,0
2011-06-13,2011,6,June,France,3,2399.62,0.0,2399.62,0
2011-06-13,2011,6,June,Germany,3,2557.64,0.0,2557.64,0
2011-06-13,2011,6,June,Switzerland,1,0.0,-21.95,-21.95,0
2011-06-13,2011,6,June,United Kingdom,78,16665.28,-2042.33,14622.95,0
2011-06-14,2011,6,June,Austria,1,0.0,-24.2,-24.2,0
2011-06-14,2011,6,June,United Kingdom,65,40473.62,-146.3,40327.32,0
2011-06-15,2011,6,June,Australia,2,23426.81,0.0,23426.81,0
2011-06-15,2011,6,June,EIRE,2,4483.58,0.0,4483.58,0
2011-06-15,2011,6,June,France,5,1856.11,0.0,1856.11,0
2011-06-15,2011,6,June,Portugal,1,489.31,0.0,489.31,0
2011-06-15,2011,6,June,United Kingdom,78,18842.18,-1949.83,16892.35,0
2011-06-16,2011,6,June,EIRE,1,1012.86,0.0,1012.86,0
2011-06-16,2011,6,June,France,1,510.27,0.0,510.27,0
2011-06-16,2011,6,June,Germany,3,683.35,-4.2,679.15,0
2011-06-16,2011,6,June,Malta,1,0.0,-12.75,-12.75,0
2011-06-16,2011,6,June,Poland,1,318.65,0.0,318.65,0
2011-06-16,2011,6,June,Spain,1,1137.99,0.0,1137.99,0
2011-06-16,2011,6,June,United Kingdom,99,30921.56,-436.0,30485.56,0
2011-06-17,2011,6,June,Belgium,2,992.02,0.0,992.02,0
2011-06-17,2011,6,June,Channel Islands,1,2060.03,0.0,2060.03,0
2011-06-17,2011,6,June,EIRE,1,626.13,0.0,626.13,0
2011-06-17,2011,6,June,France,2,1359.58,-40.2,1319.38,0
2011-06-17,2011,6,June,United Kingdom,56,16038.41,-235.25,15803.16,0
2011-06-19,2011,6,June,EIRE,1,303.3,0.0,303.3,0
2011-06-19,2011,6,June,France,1,125.46,0.0,125.46,0
2011-06-19,2011,6,June,Netherlands,1,5683.06,0.0,5683.06,0
2011-06-19,2011,6,June,Spain,3,564.97,0.0,564.97,0
2011-06-19,2011,6,June,United Kingdom,57,15765.39,-81.4,15683.99,0
2011-06-20,2011,6,June,Canada,1,1171.46,0.0,1171.46,0
2011-06-20,2011,6,June,Denmark,1,1125.4,0.0,1125.4,0
2011-06-20,2011,6,June,France,2,734.56,0.0,734.56,0
2011-06-20,2011,6,June,Germany,3,1965.74,-45.34,1920.4,0
2011-06-20,2011,6,June,Netherlands,1,154.67,0.0,154.67,0
2011-06-20,2011,6,June,Norway,2,3316.66,0.0,3316.66,0
2011-06-20,2011,6,June,United Kingdom,88,25727.59,-843.12,24884.47,0
2011-06-20,2011,6,June,Unspecified,1,185.78,0.0,185.78,0
2011-06-21,2011,6,June,EIRE,3,147.4,-1114.84,-967.44,0
2011-06-21,2011,6,June,France,1,257.3,0.0,257.3,0
2011-06-21,2011,6,June,Germany,1,427.76,0.0,427.76,0
2011-06-21,2011,6,June,Netherlands,1,637.72,0.0,637.72,0
2011-06-21,2011,6,June,Norway,1,1870.2,0.0,1870.2,0
2011-06-21,2011,6,June,United Kingdom,77,21443.99,-920.22,20523.77,0
2011-06-22,2011,6,June,Belgium,1,459.84,0.0,459.84,0
2011-06-22,2011,6,June,EIRE,2,1019.2,0.0,1019.2,0
2011-06-22,2011,6,June,France,2,852.44,0.0,852.44,0
2011-06-22,2011,6,June,Hong Kong,1,633.96,0.0,633.96,0
2011-06-22,2011,6,June,Japan,1,1607.04,0.0,1607.04,0
2011-06-22,2011,6,June,Malta,1,30.0,0.0,30.0,0
2011-06-22,2011,6,June,Norway,1,700.0,0.0,700.0,0
2011-06-22,2011,6,June,United Kingdom,59,16523.51,-31.05,16492.46,0
2011-06-23,2011,6,June,Belgium,1,440.94,0.0,440.94,0
2011-06-23,2011,6,June,Denmark,1,514.5,0.0,514.5,0
2011-06-23,2011,6,June,EIRE,4,372.3,-5.7,366.6,0
2011-06-23,2011,6,June,Finland,1,329.56,0.0,329.56,0
2011-06-23,2011,6,June,Germany,1,276.93,0.0,276.93,0
2011-06-23,2011,6,June,Sweden,1,390.5,0.0,390.5,0
2011-06-23,2011,6,June,United Kingdom,81,22916.84,-963.81,21953.03,0
2011-06-24,2011,6,June,EIRE,3,1542.51,0.0,1542.51,0
2011-06-24,2011,6,June,France,1,634.74,0.0,634.74,0
2011-06-24,2011,6,June,Germany,1,185.64,0.0,185.64,0
2011-06-24,2011,6,June,Portugal,1,0.0,-4.95,-4.95,0
2011-06-24,2011,6,June,Switzerland,1,417.36,0.0,417.36,0
2011-06-24,2011,6,June,United Kingdom,54,16199.51,-10354.93,5844.58,0
2011-06-26,2011,6,June,Germany,1,44.25,0.0,44.25,0
2011-06-26,2011,6,June,Spain,1,95.2,0.0,95.2,0
2011-06-26,2011,6,June,Switzerland,1,667.03,0.0,667.03,0
2011-06-26,2011,6,June,United Kingdom,33,6276.01,-907.32,5368.69,0
2011-06-27,2011,6,June,EIRE,2,816.32,0.0,816.32,0
2011-06-27,2011,6,June,France,1,201.24,0.0,201.24,0
2011-06-27,2011,6,June,United Kingdom,58,15998.2,-191.9,15806.3,0
2011-06-28,2011,6,June,France,1,134.28,0.0,134.28,0
2011-06-28,2011,6,June,Netherlands,3,14028.46,0.0,14028.46,0
2011-06-28,2011,6,June,United Kingdom,79,20363.13,-895.56,19467.57,0
2011-06-29,2011,6,June,Belgium,1,0.0,-1.65,-1.65,0
2011-06-29,2011,6,June,EIRE,3,3738.99,0.0,3738.99,0
2011-06-29,2011,6,June,Italy,1,0.0,-39.8,-39.8,0
2011-06-29,2011,6,June,United Kingdom,62,18339.53,-271.44,18068.09,0
2011-06-30,2011,6,June,Australia,2,1760.96,0.0,1760.96,0
2011-06-30,2011,6,June,Belgium,1,163.9,0.0,163.9,0
2011-06-30,2011,6,June,EIRE,1,756.36,0.0,756.36,0
2011-06-30,2011,6,June,France,1,0.0,-30.0,-30.0,0
2011-06-30,2011,6,June,Germany,3,1199.12,0.0,1199.12,0
2011-06-30,2011,6,June,United Kingdom,71,40916.97,-919.11,39997.86,0
2011-07-01,2011,7,July,EIRE,3,1794.18,0.0,1794.18,0
2011-07-01,2011,7,July,France,2,451.86,0.0,451.86,0
2011-07-01,2011,7,July,Germany,2,71.4,-34.13,37.27,0
2011-07-01,2011,7,July,Switzerland,1,360.8,0.0,360.8,0
2011-07-01,2011,7,July,United Kingdom,61,10879.13,-466.16,10412.97,0
2011-07-03,2011,7,July,United Kingdom,27,6032.39,-55.25,5977.14,0
2011-07-04,2011,7,July,EIRE,3,1170.8,0.0,1170.8,0
2011-07-04,2011,7,July,France,1,474.36,0.0,474.36,0
2011-07-04,2011,7,July,Germany,1,998.42,0.0,998.42,0
2011-07-04,2011,7,July,Spain,1,4146.34,0.0,4146.34,0
2011-07-04,2011,7,July,United Kingdom,55,37425.33,-108.4,37316.93,0
2011-07-05,2011,7,July,EIRE,1,205.6,0.0,205.6,0
2011-07-05,2011,7,July,Finland,1,632.44,0.0,632.44,0
2011-07-05,2011,7,July,France,2,662.35,-17.9,644.45,0
2011-07-05,2011,7,July,United Kingdom,84,39258.04,-398.52,38859.52,0
2011-07-06,2011,7,July,Belgium,1,719.06,0.0,719.06,0
2011-07-06,2011,7,July,France,1,1056.62,0.0,1056.62,0
2011-07-06,2011,7,July,Spain,2,230.5,0.0,230.5,0
2011-07-06,2011,7,July,Sweden,1,2825.1,0.0,2825.1,0
2011-07-06,2011,7,July,United Kingdom,72,21537.41,-107.96,21429.45,0
2011-07-07,2011,7,July,Belgium,2,303.76,-1.95,301.81,0
2011-07-07,2011,7,July,Germany,5,1224.86,-41.57,1183.29,0
2011-07-07,2011,7,July,Spain,3,463.37,-46.75,416.62,0
2011-07-07,2011,7,July,United Kingdom,83,30453.72,-985.48,29468.24,0
2011-07-08,2011,7,July,EIRE,1,0.0,-12.75,-12.75,0
2011-07-08,2011,7,July,France,3,1193.25,0.0,1193.25,0
2011-07-08,2011,7,July,Germany,2,1001.69,0.0,1001.69,0
2011-07-08,2011,7,July,Switzerland,1,626.88,0.0,626.88,0
2011-07-08,2011,7,July,United Kingdom,84,23629.4,-229.27,23400.13,0
2011-07-08,2011,7,July,Unspecified,1,626.93,0.0,626.93,0
2011-07-10,2011,7,July,United Kingdom,29,5987.57,-301.8,5685.77,0
2011-07-11,2011,7,July,Canada,1,1217.64,0.0,1217.64,0
2011-07-11,2011,7,July,France,2,611.08,0.0,611.08,0
2011-07-11,2011,7,July,Greece,2,421.24,-50.0,371.24,0
2011-07-11,2011,7,July,Spain,1,312.9,0.0,312.9,0
2011-07-11,2011,7,July,United Kingdom,62,20039.34,-125.49,19913.85,0
2011-07-12,2011,7,July,Austria,1,484.86,0.0,484.86,0
2011-07-12,2011,7,July,France,4,1223.85,0.0,1223.85,0
2011-07-12,2011,7,July,Germany,3,558.96,0.0,558.96,0
2011-07-12,2011,7,July,United Kingdom,58,23994.88,-370.51,23624.37,0
2011-07-13,2011,7,July,Australia,2,2796.36,0.0,2796.36,0
2011-07-13,2011,7,July,Belgium,1,45.6,0.0,45.6,0
2011-07-13,2011,7,July,France,1,915.46,0.0,915.46,0
2011-07-13,2011,7,July,Germany,1,281.71,0.0,281.71,0
2011-07-13,2011,7,July,Poland,1,239.2,0.0,239.2,0
2011-07-13,2011,7,July,Portugal,2,1452.2,0.0,1452.2,0
2011-07-13,2011,7,July,United Kingdom,57,16911.41,-11029.41,5882.0,0
2011-07-14,2011,7,July,Australia,1,902.09,0.0,902.09,0
2011-07-14,2011,7,July,EIRE,3,1802.07,-5.9,1796.17,0
2011-07-14,2011,7,July,Finland,1,1710.39,0.0,1710.39,0
2011-07-14,2011,7,July,Germany,3,1563.28,-12.45,1550.83,0
2011-07-14,2011,7,July,Israel,1,1430.75,0.0,1430.75,0
2011-07-14,2011,7,July,United Kingdom,79,25923.08,-993.64,24929.44,0
2011-07-14,2011,7,July,Unspecified,1,252.05,0.0,252.05,0
2011-07-15,2011,7,July,Canada,1,550.94,0.0,550.94,0
2011-07-15,2011,7,July,Germany,2,1337.11,0.0,1337.11,0
2011-07-15,2011,7,July,Poland,1,448.1,0.0,448.1,0
2011-07-15,2011,7,July,Switzerland,1,0.0,-102.0,-102.0,0
2011-07-15,2011,7,July,United Kingdom,56,12481.39,-255.5,12225.89,0
2011-07-17,2011,7,July,France,1,150.1,0.0,150.1,0
2011-07-17,2011,7,July,Germany,1,345.23,0.0,345.23,0
2011-07-17,2011,7,July,Switzerland,1,235.96,0.0,235.96,0
2011-07-17,2011,7,July,United Kingdom,50,16463.27,-19.9,16443.37,0
2011-07-18,2011,7,July,EIRE,2,1077.53,0.0,1077.53,0
2011-07-18,2011,7,July,France,2,1866.08,0.0,1866.08,0
2011-07-18,2011,7,July,Singapore,1,3949.32,0.0,3949.32,0
2011-07-18,2011,7,July,United Kingdom,85,22627.82,-952.48,21675.34,0
2011-07-19,2011,7,July,Australia,3,641.67,-158.65,483.02,0
2011-07-19,2011,7,July,EIRE,5,13584.64,-18.25,13566.39,0
2011-07-19,2011,7,July,Finland,1,653.9,0.0,653.9,0
2011-07-19,2011,7,July,France,1,99.6,0.0,99.6,0
2011-07-19,2011,7,July,Germany,7,2447.9,-9.4,2438.5,0
2011-07-19,2011,7,July,United Kingdom,67,32531.33,-461.0,32070.33,0
2011-07-20,2011,7,July,Germany,2,947.97,0.0,947.97,0
2011-07-20,2011,7,July,Netherlands,1,26.02,0.0,26.02,0
2011-07-20,2011,7,July,Portugal,1,835.65,0.0,835.65,0
2011-07-20,2011,7,July,Spain,1,301.52,0.0,301.52,0
2011-07-20,2011,7,July,United Kingdom,65,30294.24,-2039.39,28254.85,0
2011-07-21,2011,7,July,EIRE,3,1338.29,0.0,1338.29,0
2011-07-21,2011,7,July,European Community,1,676.8,0.0,676.8,0
2011-07-21,2011,7,July,France,1,0.0,-46.65,-46.65,0
2011-07-21,2011,7,July,Germany,2,1905.63,0.0,1905.63,0
2011-07-21,2011,7,July,United Kingdom,96,28894.87,-668.23,28226.64,0
2011-07-22,2011,7,July,Germany,1,768.02,0.0,768.02,0
2011-07-22,2011,7,July,Norway,1,890.07,0.0,890.07,0
2011-07-22,2011,7,July,United Kingdom,56,18466.77,-109.63,18357.14,0
2011-07-24,2011,7,July,Australia,1,505.46,0.0,505.46,0
2011-07-24,2011,7,July,France,1,412.93,0.0,412.93,0
2011-07-24,2011,7,July,Germany,1,612.1,0.0,612.1,0
2011-07-24,2011,7,July,Japan,1,174.0,0.0,174.0,0
2011-07-24,2011,7,July,United Kingdom,59,25394.97,-623.26,24771.71,0
2011-07-25,2011,7,July,Denmark,1,376.24,0.0,376.24,0
2011-07-25,2011,7,July,Germany,2,1131.18,0.0,1131.18,0
2011-07-25,2011,7,July,Poland,1,0.0,-8.85,-8.85,0
2011-07-25,2011,7,July,Spain,1,1358.39,0.0,1358.39,0
2011-07-25,2011,7,July,Switzerland,2,856.0,-120.0,736.0,0
2011-07-25,2011,7,July,United Kingdom,62,23165.34,-26.9,23138.44,0
2011-07-26,2011,7,July,Australia,2,118.8,-38.16,80.64,0
2011-07-26,2011,7,July,EIRE,2,396.77,-12.3,384.47,0
2011-07-26,2011,7,July,Germany,2,0.0,-147.9,-147.9,0
2011-07-26,2011,7,July,Italy,1,147.1,0.0,147.1,0
2011-07-26,2011,7,July,Switzerland,1,593.74,0.0,593.74,0
2011-07-26,2011,7,July,United Kingdom,81,20387.85,-174.6,20213.25,0
2011-07-27,2011,7,July,Belgium,1,1214.81,0.0,1214.81,0
2011-07-27,2011,7,July,EIRE,2,764.51,0.0,764.51,0
2011-07-27,2011,7,July,France,1,204.75,0.0,204.75,0
2011-07-27,2011,7,July,Germany,1,440.7,0.0,440.7,0
2011-07-27,2011,7,July,Japan,1,3680.4,0.0,3680.4,0
2011-07-27,2011,7,July,United Kingdom,80,19297.76,-34.48,19263.28,0
2011-07-28,2011,7,July,Austria,1,707.09,0.0,707.09,0
2011-07-28,2011,7,July,Belgium,1,192.34,0.0,192.34,0
2011-07-28,2011,7,July,EIRE,3,5406.15,0.0,5406.15,0
2011-07-28,2011,7,July,France,1,0.0,-46.65,-46.65,0
2011-07-28,2011,7,July,Germany,1,385.14,0.0,385.14,0
2011-07-28,2011,7,July,Spain,1,811.9,0.0,811.9,0
2011-07-28,2011,7,July,United Kingdom,114,48220.69,-506.61,47714.08,0
2011-07-28,2011,7,July,Unspecified,2,546.43,0.0,546.43,0
2011-07-29,2011,7,July,EIRE,1,728.94,0.0,728.94,0
2011-07-29,2011,7,July,France,1,677.9,0.0,677.9,0
2011-07-29,2011,7,July,Germany,1,0.0,-82.54,-82.54,0
2011-07-29,2011,7,July,United Kingdom,67,17383.56,-608.75,16774.81,0
2011-07-31,2011,7,July,EIRE,2,14520.37,0.0,14520.37,0
2011-07-31,2011,7,July,Sweden,2,3946.99,0.0,3946.99,0
2011-07-31,2011,7,July,Switzerland,1,1325.23,0.0,1325.23,0
2011-07-31,2011,7,July,United Kingdom,38,13655.16,-4.25,13650.91,0
2011-08-01,2011,8,August,Channel Islands,1,759.56,0.0,759.56,0
2011-08-01,2011,8,August,Germany,1,1089.18,0.0,1089.18,0
2011-08-01,2011,8,August,United Kingdom,48,19290.18,-26.08,19264.1,0
2011-08-02,2011,8,August,Belgium,1,777.95,0.0,777.95,0
2011-08-02,2011,8,August,France,1,85.8,0.0,85.8,0
2011-08-02,2011,8,August,Germany,3,1135.27,0.0,1135.27,0
2011-08-02,2011,8,August,Iceland,1,584.91,0.0,584.91,0
2011-08-02,2011,8,August,Switzerland,3,4008.62,-39.0,3969.62,0
2011-08-02,2011,8,August,United Kingdom,52,19988.05,-11594.33,8393.72,0
2011-08-03,2011,8,August,France,1,1202.22,0.0,1202.22,0
2011-08-03,2011,8,August,Germany,1,221.04,0.0,221.04,0
2011-08-03,2011,8,August,Poland,1,275.88,0.0,275.88,0
2011-08-03,2011,8,August,Portugal,1,0.0,-15.0,-15.0,0
2011-08-03,2011,8,August,Switzerland,1,0.0,-16.6,-16.6,0
2011-08-03,2011,8,August,United Kingdom,78,26414.0,-989.12,25424.88,0
2011-08-04,2011,8,August,Belgium,1,355.56,0.0,355.56,0
2011-08-04,2011,8,August,EIRE,2,4345.1,-4345.1,0.0,0
2011-08-04,2011,8,August,Finland,1,360.81,0.0,360.81,0
2011-08-04,2011,8,August,France,1,511.03,0.0,511.03,0
2011-08-04,2011,8,August,Germany,3,1287.98,-38.05,1249.93,0
2011-08-04,2011,8,August,Italy,3,12.75,-44.6,-31.85,0
2011-08-04,2011,8,August,Spain,2,867.43,0.0,867.43,0
2011-08-04,2011,8,August,Sweden,1,612.0,0.0,612.0,0
2011-08-04,2011,8,August,United Kingdom,85,57149.13,-45.81,57103.32,0
2011-08-05,2011,8,August,EIRE,1,1572.73,0.0,1572.73,0
2011-08-05,2011,8,August,France,2,830.3,0.0,830.3,0
2011-08-05,2011,8,August,Germany,3,1079.55,-13.45,1066.1,0
2011-08-05,2011,8,August,Italy,1,946.75,0.0,946.75,0
2011-08-05,2011,8,August,United Kingdom,57,17104.15,-171.25,16932.9,0
2011-08-07,2011,8,August,Germany,1,107.4,0.0,107.4,0
2011-08-07,2011,8,August,United Kingdom,32,7471.51,-114.79,7356.72,0
2011-08-08,2011,8,August,Austria,1,981.38,0.0,981.38,0
2011-08-08,2011,8,August,EIRE,2,829.96,-9.9,820.06,0
2011-08-08,2011,8,August,Germany,1,416.65,0.0,416.65,0
2011-08-08,2011,8,August,Sweden,2,249.1,0.0,249.1,0
2011-08-08,2011,8,August,United Kingdom,47,20900.56,-150.8,20749.76,0
2011-08-09,2011,8,August,Denmark,1,0.0,-134.55,-134.55,0
2011-08-09,2011,8,August,Germany,1,102.98,0.0,102.98,0
2011-08-09,2011,8,August,Netherlands,2,12498.71,0.0,12498.71,0
2011-08-09,2011,8,August,United Kingdom,53,14869.41,-614.09,14255.32,0
2011-08-10,2011,8,August,Denmark,1,213.15,0.0,213.15,0
2011-08-10,2011,8,August,EIRE,1,1253.05,0.0,1253.05,0
2011-08-10,2011,8,August,France,1,248.35,0.0,248.35,0
2011-08-10,2011,8,August,Italy,1,721.95,0.0,721.95,0
2011-08-10,2011,8,August,Norway,1,757.07,0.0,757.07,0
2011-08-10,2011,8,August,Switzerland,1,292.69,0.0,292.69,0
2011-08-10,2011,8,August,United Kingdom,55,25306.08,-196.94,25109.14,0
2011-08-11,2011,8,August,Belgium,1,469.25,0.0,469.25,0
2011-08-11,2011,8,August,EIRE,2,1672.4,0.0,1672.4,0
2011-08-11,2011,8,August,Finland,1,605.14,0.0,605.14,0
2011-08-11,2011,8,August,Germany,1,0.0,-9.95,-9.95,0
2011-08-11,2011,8,August,Italy,1,0.0,-11.55,-11.55,0
2011-08-11,2011,8,August,Netherlands,1,19150.66,0.0,19150.66,0
2011-08-11,2011,8,August,United Kingdom,76,48036.34,-276.25,47760.09,0
2011-08-12,2011,8,August,Australia,1,608.76,0.0,608.76,0
2011-08-12,2011,8,August,Belgium,1,209.62,0.0,209.62,0
2011-08-12,2011,8,August,EIRE,2,2165.63,0.0,2165.63,0
2011-08-12,2011,8,August,France,2,412.88,-21.7,391.18,0
2011-08-12,2011,8,August,Germany,1,0.0,-36.05,-36.05,0
2011-08-12,2011,8,August,Netherlands,1,825.6,0.0,825.6,0
2011-08-12,2011,8,August,Norway,1,1268.74,0.0,1268.74,0
2011-08-12,2011,8,August,United Kingdom,50,26738.47,0.0,26738.47,0
2011-08-14,2011,8,August,EIRE,1,0.0,-434.51,-434.51,0
2011-08-14,2011,8,August,France,1,46.65,0.0,46.65,0
2011-08-14,2011,8,August,Switzerland,1,0.0,-4.95,-4.95,0
2011-08-14,2011,8,August,United Kingdom,34,5671.92,-128.93,5542.99,0
2011-08-15,2011,8,August,EIRE,1,467.42,0.0,467.42,0
2011-08-15,2011,8,August,France,1,1161.07,0.0,1161.07,0
2011-08-15,2011,8,August,Germany,1,378.12,0.0,378.12,0
2011-08-15,2011,8,August,Malta,1,905.5,0.0,905.5,0
2011-08-15,2011,8,August,Portugal,1,1221.4,0.0,1221.4,0
2011-08-15,2011,8,August,United Kingdom,49,13110.46,-38.43,13072.03,0
2011-08-16,2011,8,August,EIRE,1,0.0,-63.94,-63.94,0
2011-08-16,2011,8,August,Germany,1,115.3,0.0,115.3,0
2011-08-16,2011,8,August,Spain,2,200.24,0.0,200.24,0
2011-08-16,2011,8,August,Sweden,1,185.9,0.0,185.9,0
2011-08-16,2011,8,August,United Kingdom,58,18738.22,-72.01,18666.21,0
2011-08-17,2011,8,August,EIRE,3,2198.04,0.0,2198.04,0
2011-08-17,2011,8,August,France,1,580.08,0.0,580.08,0
2011-08-17,2011,8,August,Germany,2,748.06,0.0,748.06,0
2011-08-17,2011,8,August,Spain,1,231.76,0.0,231.76,0
2011-08-17,2011,8,August,Sweden,1,0.0,-9.9,-9.9,0
2011-08-17,2011,8,August,United Kingdom,54,49728.49,-2890.84,46837.65,0
2011-08-18,2011,8,August,Australia,1,21880.44,0.0,21880.44,0
2011-08-18,2011,8,August,Channel Islands,1,0.0,-4.25,-4.25,0
2011-08-18,2011,8,August,EIRE,2,131.85,-81.92,49.93,0
2011-08-18,2011,8,August,France,2,764.79,0.0,764.79,0
2011-08-18,2011,8,August,Israel,1,4873.81,0.0,4873.81,0
2011-08-18,2011,8,August,Netherlands,1,0.0,-206.4,-206.4,0
2011-08-18,2011,8,August,United Kingdom,92,26447.64,-588.69,25858.95,0
2011-08-19,2011,8,August,Austria,1,534.7,0.0,534.7,0
2011-08-19,2011,8,August,Belgium,3,789.87,-17.9,771.97,0
2011-08-19,2011,8,August,EIRE,1,989.49,0.0,989.49,0
2011-08-19,2011,8,August,France,1,612.29,0.0,612.29,0
2011-08-19,2011,8,August,Germany,4,882.63,-5.0,877.63,0
2011-08-19,2011,8,August,Switzerland,1,668.58,0.0,668.58,0
2011-08-19,2011,8,August,United Kingdom,49,12862.03,-78.15,12783.88,0
2011-08-21,2011,8,August,Channel Islands,1,1432.0,0.0,1432.0,0
2011-08-21,2011,8,August,EIRE,1,458.9,0.0,458.9,0
2011-08-21,2011,8,August,France,2,528.77,0.0,528.77,0
2011-08-21,2011,8,August,Germany,1,324.83,0.0,324.83,0
2011-08-21,2011,8,August,Spain,2,13.25,-16.5,-3.25,0
2011-08-21,2011,8,August,United Kingdom,35,11819.11,-11.15,11807.96,0
2011-08-22,2011,8,August,Germany,3,2269.37,0.0,2269.37,0
2011-08-22,2011,8,August,Malta,1,213.5,0.0,213.5,0
2011-08-22,2011,8,August,United Kingdom,62,26637.56,-1673.05,24964.51,0
2011-08-22,2011,8,August,Unspecified,2,531.03,0.0,531.03,0
2011-08-23,2011,8,August,Channel Islands,3,2705.22,0.0,2705.22,0
2011-08-23,2011,8,August,EIRE,3,817.02,-7.5,809.52,0
2011-08-23,2011,8,August,Finland,1,0.0,-4.95,-4.95,0
2011-08-23,2011,8,August,France,2,947.36,0.0,947.36,0
2011-08-23,2011,8,August,Germany,4,487.17,-44.0,443.17,0
2011-08-23,2011,8,August,Hong Kong,2,2813.95,0.0,2813.95,0
2011-08-23,2011,8,August,Japan,1,0.0,-49.79,-49.79,0
2011-08-23,2011,8,August,Netherlands,1,424.8,0.0,424.8,0
2011-08-23,2011,8,August,Switzerland,1,0.0,-27.15,-27.15,0
2011-08-23,2011,8,August,United Kingdom,55,17798.16,-45.7,17752.46,0
2011-08-24,2011,8,August,France,2,428.91,0.0,428.91,0
2011-08-24,2011,8,August,Germany,8,1709.43,-18.0,1691.43,0
2011-08-24,2011,8,August,Spain,1,509.34,0.0,509.34,0
2011-08-24,2011,8,August,United Kingdom,91,46385.58,-11942.46,34443.12,0
2011-08-25,2011,8,August,Belgium,2,752.79,0.0,752.79,0
2011-08-25,2011,8,August,Canada,1,51.56,0.0,51.56,0
2011-08-25,2011,8,August,France,4,2169.21,0.0,2169.21,0
2011-08-25,2011,8,August,Germany,2,620.15,0.0,620.15,0
2011-08-25,2011,8,August,Italy,1,309.5,0.0,309.5,0
2011-08-25,2011,8,August,Sweden,1,353.86,0.0,353.86,0
2011-08-25,2011,8,August,United Kingdom,82,19257.89,-1368.58,17889.31,0
2011-08-26,2011,8,August,EIRE,2,1452.16,0.0,1452.16,0
2011-08-26,2011,8,August,Finland,1,410.55,0.0,410.55,0
2011-08-26,2011,8,August,France,1,1130.95,0.0,1130.95,0
2011-08-26,2011,8,August,Germany,2,405.13,0.0,405.13,0
2011-08-26,2011,8,August,Netherlands,3,7428.04,0.0,7428.04,0
2011-08-26,2011,8,August,United Kingdom,46,14799.61,-76.21,14723.4,0
2011-08-28,2011,8,August,Spain,1,1246.49,0.0,1246.49,0
2011-08-28,2011,8,August,United Kingdom,38,9558.54,-20.25,9538.29,0
2011-08-30,2011,8,August,EIRE,2,0.0,-132.23,-132.23,0
2011-08-30,2011,8,August,Germany,1,403.83,0.0,403.83,0
2011-08-30,2011,8,August,Malta,1,0.0,-15.75,-15.75,0
2011-08-30,2011,8,August,Poland,1,125.92,0.0,125.92,0
2011-08-30,2011,8,August,United Kingdom,45,31336.56,-77.43,31259.13,0
2011-08-31,2011,8,August,Belgium,1,198.98,0.0,198.98,0
2011-08-31,2011,8,August,France,4,2150.3,0.0,2150.3,0
2011-08-31,2011,8,August,Germany,3,5436.7,-32.62,5404.08,0
2011-08-31,2011,8,August,Netherlands,1,0.0,-360.0,-360.0,0
2011-08-31,2011,8,August,Norway,1,0.0,-41.35,-41.35,0
2011-08-31,2011,8,August,Spain,2,278.4,0.0,278.4,0
2011-08-31,2011,8,August,United Kingdom,105,17315.79,-8722.6,8593.19,0
2011-09-01,2011,9,September,Australia,2,2941.72,0.0,2941.72,0
2011-09-01,2011,9,September,EIRE,2,3880.56,0.0,3880.56,0
2011-09-01,2011,9,September,Germany,2,0.0,-37.7,-37.7,0
2011-09-01,2011,9,September,Norway,1,509.01,0.0,509.01,0
2011-09-01,2011,9,September,United Arab Emirates,1,975.54,0.0,975.54,0
2011-09-01,2011,9,September,United Kingdom,72,28575.53,-35.85,28539.68,0
2011-09-02,2011,9,September,Belgium,2,642.28,-10.2,632.08,0
2011-09-02,2011,9,September,EIRE,1,749.13,0.0,749.13,0
2011-09-02,2011,9,September,Finland,1,230.3,0.0,230.3,0
2011-09-02,2011,9,September,France,3,942.76,0.0,942.76,0
2011-09-02,2011,9,September,Germany,3,465.68,-86.82,378.86,0
2011-09-02,2011,9,September,Portugal,1,317.0,0.0,317.0,0
2011-09-02,2011,9,September,Sweden,1,309.45,0.0,309.45,0
2011-09-02,2011,9,September,United Kingdom,93,37525.77,-479.93,37045.84,0
2011-09-02,2011,9,September,Unspecified,1,286.85,0.0,286.85,0
2011-09-04,2011,9,September,EIRE,1,629.04,0.0,629.04,0
2011-09-04,2011,9,September,France,1,891.82,0.0,891.82,0
2011-09-04,2011,9,September,Germany,5,2390.71,0.0,2390.71,0
2011-09-04,2011,9,September,United Kingdom,46,13208.02,-96.85,13111.17,0
2011-09-05,2011,9,September,Australia,1,147.7,0.0,147.7,0
2011-09-05,2011,9,September,EIRE,4,8488.86,-145.0,8343.86,0
2011-09-05,2011,9,September,France,3,995.0,-115.47,879.53,0
2011-09-05,2011,9,September,Germany,1,0.0,-19.03,-19.03,0
2011-09-05,2011,9,September,Poland,2,529.25,0.0,529.25,0
2011-09-05,2011,9,September,Spain,1,1092.35,0.0,1092.35,0
2011-09-05,2011,9,September,United Kingdom,66,25899.98,-33.6,25866.38,0
2011-09-06,2011,9,September,EIRE,2,4234.19,0.0,4234.19,0
2011-09-06,2011,9,September,Germany,4,1002.44,0.0,1002.44,0
2011-09-06,2011,9,September,Switzerland,1,200.0,0.0,200.0,0
2011-09-06,2011,9,September,United Kingdom,63,22913.28,-297.29,22615.99,0
2011-09-07,2011,9,September,EIRE,4,3415.29,0.0,3415.29,0
2011-09-07,2011,9,September,France,3,2889.76,0.0,2889.76,0
2011-09-07,2011,9,September,United Kingdom,53,28108.48,-287.88,27820.6,0
2011-09-08,2011,9,September,EIRE,2,2091.06,0.0,2091.06,0
2011-09-08,2011,9,September,France,2,1461.49,0.0,1461.49,0
2011-09-08,2011,9,September,Germany,4,1253.38,-18.0,1235.38,0
2011-09-08,2011,9,September,Netherlands,2,1946.68,0.0,1946.68,0
2011-09-08,2011,9,September,Spain,1,459.99,0.0,459.99,0
2011-09-08,2011,9,September,United Kingdom,79,19983.2,-454.8,19528.4,0
2011-09-09,2011,9,September,Belgium,1,1087.7,0.0,1087.7,0
2011-09-09,2011,9,September,EIRE,2,0.0,-89.65,-89.65,0
2011-09-09,2011,9,September,France,3,2074.8,0.0,2074.8,0
2011-09-09,2011,9,September,Germany,2,0.0,-149.03,-149.03,0
2011-09-09,2011,9,September,Israel,1,423.73,0.0,423.73,0
2011-09-09,2011,9,September,Netherlands,1,186.56,0.0,186.56,0
2011-09-09,2011,9,September,Norway,1,2608.11,0.0,2608.11,0
2011-09-09,2011,9,September,United Kingdom,75,23694.72,-292.11,23402.61,0
2011-09-11,2011,9,September,France,1,112.38,0.0,112.38,0
2011-09-11,2011,9,September,Germany,3,1653.89,0.0,1653.89,0
2011-09-11,2011,9,September,United Kingdom,74,33745.4,-46.2,33699.2,0
2011-09-12,2011,9,September,United Kingdom,96,29738.33,-699.02,29039.31,0
2011-09-13,2011,9,September,Finland,1,319.6,0.0,319.6,0
2011-09-13,2011,9,September,France,1,94.32,0.0,94.32,0
2011-09-13,2011,9,September,Germany,1,199.8,0.0,199.8,0
2011-09-13,2011,9,September,Netherlands,1,8281.12,0.0,8281.12,0
2011-09-13,2011,9,September,Sweden,1,4114.08,0.0,4114.08,0
2011-09-13,2011,9,September,United Kingdom,75,42103.09,-189.08,41914.01,0
2011-09-14,2011,9,September,EIRE,3,781.11,-36.2,744.91,0
2011-09-14,2011,9,September,France,1,357.32,0.0,357.32,0
2011-09-14,2011,9,September,Germany,1,351.65,0.0,351.65,0
2011-09-14,2011,9,September,Japan,1,112.08,0.0,112.08,0
2011-09-14,2011,9,September,Switzerland,1,743.28,0.0,743.28,0
2011-09-14,2011,9,September,United Kingdom,86,21247.54,-196.12,21051.42,0
2011-09-15,2011,9,September,EIRE,3,693.53,-14.7,678.83,0
2011-09-15,2011,9,September,France,4,2686.16,-29.85,2656.31,0
2011-09-15,2011,9,September,Norway,1,562.54,0.0,562.54,0
2011-09-15,2011,9,September,Switzerland,1,160.0,0.0,160.0,0
2011-09-15,2011,9,September,United Kingdom,104,72083.62,-13400.75,58682.87,0
2011-09-16,2011,9,September,Australia,1,519.89,0.0,519.89,0
2011-09-16,2011,9,September,France,1,0.0,-25.5,-25.5,0
2011-09-16,2011,9,September,Germany,5,1257.0,-25.03,1231.97,0
2011-09-16,2011,9,September,United Kingdom,75,25947.33,-430.87,25516.46,0
2011-09-18,2011,9,September,United Kingdom,28,15744.08,-53.4,15690.68,0
2011-09-19,2011,9,September,Belgium,1,392.4,0.0,392.4,0
2011-09-19,2011,9,September,Channel Islands,1,1062.1,0.0,1062.1,0
2011-09-19,2011,9,September,Cyprus,1,196.35,0.0,196.35,0
2011-09-19,2011,9,September,EIRE,2,648.48,-4.15,644.33,0
2011-09-19,2011,9,September,France,4,2035.05,0.0,2035.05,0
2011-09-19,2011,9,September,Germany,5,2172.49,-1.65,2170.84,0
2011-09-19,2011,9,September,Netherlands,2,15618.28,0.0,15618.28,0
2011-09-19,2011,9,September,Norway,1,4366.78,0.0,4366.78,0
2011-09-19,2011,9,September,Spain,1,971.65,0.0,971.65,0
2011-09-19,2011,9,September,United Kingdom,80,19152.35,-397.92,18754.43,0
2011-09-20,2011,9,September,EIRE,3,1798.39,-36.75,1761.64,0
2011-09-20,2011,9,September,France,1,377.66,0.0,377.66,0
2011-09-20,2011,9,September,Germany,2,138.48,-10.2,128.28,0
2011-09-20,2011,9,September,Italy,1,279.8,0.0,279.8,0
2011-09-20,2011,9,September,Norway,1,366.25,0.0,366.25,0
2011-09-20,2011,9,September,Spain,1,0.0,-25.5,-25.5,0
2011-09-20,2011,9,September,United Kingdom,67,106634.1,-14.85,106619.25,0
2011-09-21,2011,9,September,Belgium,1,549.84,0.0,549.84,0
2011-09-21,2011,9,September,Denmark,1,3850.9,0.0,3850.9,0
2011-09-21,2011,9,September,EIRE,1,381.22,0.0,381.22,0
2011-09-21,2011,9,September,France,4,1083.76,0.0,1083.76,0
2011-09-21,2011,9,September,Germany,2,1049.04,0.0,1049.04,0
2011-09-21,2011,9,September,Spain,1,964.83,0.0,964.83,0
2011-09-21,2011,9,September,Switzerland,5,4.95,-29.9,-24.95,0
2011-09-21,2011,9,September,United Kingdom,92,40676.14,-5558.68,35117.46,0
2011-09-22,2011,9,September,Belgium,2,705.81,0.0,705.81,0
2011-09-22,2011,9,September,EIRE,3,1254.42,0.0,1254.42,0
2011-09-22,2011,9,September,Finland,1,245.55,0.0,245.55,0
2011-09-22,2011,9,September,France,5,1679.7,-18.0,1661.7,0
2011-09-22,2011,9,September,Germany,3,708.23,0.0,708.23,0
2011-09-22,2011,9,September,Netherlands,1,904.62,0.0,904.62,0
2011-09-22,2011,9,September,Portugal,1,777.2,0.0,777.2,0
2011-09-22,2011,9,September,Switzerland,1,4860.64,0.0,4860.64,0
2011-09-22,2011,9,September,United Arab Emirates,1,37.5,0.0,37.5,0
2011-09-22,2011,9,September,United Kingdom,126,48174.98,-2249.36,45925.62,0
2011-09-23,2011,9,September,EIRE,3,3502.9,-4.15,3498.75,0
2011-09-23,2011,9,September,France,1,790.54,0.0,790.54,0
2011-09-23,2011,9,September,Germany,4,2569.5,0.0,2569.5,0
2011-09-23,2011,9,September,Spain,2,1037.68,0.0,1037.68,0
2011-09-23,2011,9,September,United Kingdom,88,32695.4,-1156.17,31539.23,0
2011-09-25,2011,9,September,Australia,1,825.92,0.0,825.92,0
2011-09-25,2011,9,September,Finland,1,310.0,0.0,310.0,0
2011-09-25,2011,9,September,France,2,775.99,0.0,775.99,0
2011-09-25,2011,9,September,Portugal,1,339.02,0.0,339.02,0
2011-09-25,2011,9,September,Spain,1,372.24,0.0,372.24,0
2011-09-25,2011,9,September,United Kingdom,72,28749.49,-109.9,28639.59,0
2011-09-26,2011,9,September,Channel Islands,1,261.65,0.0,261.65,0
2011-09-26,2011,9,September,Denmark,1,336.14,0.0,336.14,0
2011-09-26,2011,9,September,EIRE,2,1156.14,0.0,1156.14,0
2011-09-26,2011,9,September,France,1,0.0,-15.2,-15.2,0
2011-09-26,2011,9,September,Germany,1,704.04,0.0,704.04,0
2011-09-26,2011,9,September,United Kingdom,73,26877.2,-677.7,26199.5,0
2011-09-27,2011,9,September,EIRE,2,776.3,-3.35,772.95,0
2011-09-27,2011,9,September,France,3,189.2,-25.15,164.05,0
2011-09-27,2011,9,September,Germany,2,417.2,-14.75,402.45,0
2011-09-27,2011,9,September,Spain,1,290.5,0.0,290.5,0
2011-09-27,2011,9,September,United Kingdom,106,34649.75,-527.54,34122.21,0
2011-09-28,2011,9,September,Australia,4,671.5,-75.0,596.5,0
2011-09-28,2011,9,September,Belgium,1,829.99,0.0,829.99,0
2011-09-28,2011,9,September,Channel Islands,1,0.0,-2.1,-2.1,0
2011-09-28,2011,9,September,EIRE,6,2350.39,-15.9,2334.49,0
2011-09-28,2011,9,September,France,1,644.75,0.0,644.75,0
2011-09-28,2011,9,September,Germany,3,367.37,-7.45,359.92,0
2011-09-28,2011,9,September,Norway,1,266.25,0.0,266.25,0
2011-09-28,2011,9,September,Switzerland,1,1810.51,0.0,1810.51,0
2011-09-28,2011,9,September,United Kingdom,94,36793.66,-265.57,36528.09,0
2011-09-29,2011,9,September,Denmark,1,383.12,0.0,383.12,0
2011-09-29,2011,9,September,France,4,1395.68,0.0,1395.68,0
2011-09-29,2011,9,September,Germany,3,1108.38,-1.25,1107.13,0
2011-09-29,2011,9,September,Switzerland,1,505.48,0.0,505.48,0
2011-09-29,2011,9,September,United Kingdom,106,43008.79,-2752.99,40255.8,0
2011-09-30,2011,9,September,EIRE,5,6255.54,-91.7,6163.84,0
2011-09-30,2011,9,September,France,3,1949.9,0.0,1949.9,0
2011-09-30,2011,9,September,Germany,1,281.94,0.0,281.94,0
2011-09-30,2011,9,September,Sweden,1,151.68,0.0,151.68,0
2011-09-30,2011,9,September,United Kingdom,84,35715.0,-272.51,35442.49,0
2011-10-02,2011,10,October,United Kingdom,36,11634.53,-10.95,11623.58,1
2011-10-03,2011,10,October,France,1,358.4,0.0,358.4,1
2011-10-03,2011,10,October,Spain,1,0.0,-9.95,-9.95,1
2011-10-03,2011,10,October,Switzerland,1,0.0,-16.75,-16.75,1
2011-10-03,2011,10,October,United Kingdom,85,62535.52,-1830.34,60705.18,1
2011-10-04,2011,10,October,Belgium,1,346.68,0.0,346.68,1
2011-10-04,2011,10,October,Cyprus,2,196.35,-196.35,0.0,1
2011-10-04,2011,10,October,Finland,1,310.0,0.0,310.0,1
2011-10-04,2011,10,October,France,2,357.3,0.0,357.3,1
2011-10-04,2011,10,October,Germany,1,0.0,-7.05,-7.05,1
2011-10-04,2011,10,October,Hong Kong,1,0.0,-10.95,-10.95,1
2011-10-04,2011,10,October,Israel,2,138.03,0.0,138.03,1
2011-10-04,2011,10,October,Spain,1,0.0,-20.0,-20.0,1
2011-10-04,2011,10,October,United Kingdom,93,47453.38,-335.46,47117.92,1
2011-10-05,2011,10,October,Australia,2,16471.77,0.0,16471.77,1
2011-10-05,2011,10,October,Channel Islands,3,1761.0,0.0,1761.0,1
2011-10-05,2011,10,October,France,4,2059.2,0.0,2059.2,1
2011-10-05,2011,10,October,Germany,4,4178.92,0.0,4178.92,1
2011-10-05,2011,10,October,Netherlands,1,91.85,0.0,91.85,1
2011-10-05,2011,10,October,Switzerland,1,2539.56,0.0,2539.56,1
2011-10-05,2011,10,October,United Kingdom,89,48491.33,-349.2,48142.13,1
2011-10-06,2011,10,October,Australia,2,678.76,0.0,678.76,1
2011-10-06,2011,10,October,EIRE,1,421.3,0.0,421.3,1
2011-10-06,2011,10,October,France,2,157.0,-11.8,145.2,1
2011-10-06,2011,10,October,Germany,10,3954.53,-38.75,3915.78,1
2011-10-06,2011,10,October,Italy,1,0.0,-48.35,-48.35,1
2011-10-06,2011,10,October,Netherlands,3,841.55,0.0,841.55,1
2011-10-06,2011,10,October,Portugal,2,1728.27,0.0,1728.27,1
2011-10-06,2011,10,October,United Kingdom,196,55106.03,-7267.29,47838.74,1
2011-10-07,2011,10,October,Cyprus,1,600.39,0.0,600.39,1
2011-10-07,2011,10,October,Czech Republic,1,277.48,0.0,277.48,1
2011-10-07,2011,10,October,Denmark,1,891.4,0.0,891.4,1
2011-10-07,2011,10,October,EIRE,1,904.14,0.0,904.14,1
2011-10-07,2011,10,October,France,2,675.36,0.0,675.36,1
2011-10-07,2011,10,October,Germany,5,2866.85,0.0,2866.85,1
2011-10-07,2011,10,October,Netherlands,1,171.93,0.0,171.93,1
2011-10-07,2011,10,October,Spain,1,422.8,0.0,422.8,1
2011-10-07,2011,10,October,United Kingdom,95,46980.35,-6252.68,40727.67,1
2011-10-09,2011,10,October,United Kingdom,41,12524.4,-602.16,11922.24,1
2011-10-10,2011,10,October,Belgium,1,332.68,0.0,332.68,1
2011-10-10,2011,10,October,EIRE,4,3201.28,-40.5,3160.78,1
2011-10-10,2011,10,October,France,3,426.58,-16.5,410.08,1
2011-10-10,2011,10,October,Germany,2,282.58,-9.6,272.98,1
2011-10-10,2011,10,October,USA,1,1579.51,0.0,1579.51,1
2011-10-10,2011,10,October,United Kingdom,124,42404.92,-2139.96,40264.96,1
2011-10-11,2011,10,October,Belgium,1,355.8,0.0,355.8,1
2011-10-11,2011,10,October,Denmark,1,171.66,0.0,171.66,1
2011-10-11,2011,10,October,EIRE,3,1575.79,0.0,1575.79,1
2011-10-11,2011,10,October,France,2,4279.71,-36.85,4242.86,1
2011-10-11,2011,10,October,Germany,2,962.99,0.0,962.99,1
2011-10-11,2011,10,October,Norway,1,6.0,0.0,6.0,1
2011-10-11,2011,10,October,Portugal,1,892.47,0.0,892.47,1
2011-10-11,2011,10,October,Switzerland,1,1527.96,0.0,1527.96,1
2011-10-11,2011,10,October,United Kingdom,93,42782.56,-14210.05,28572.51,1
2011-10-12,2011,10,October,EIRE,7,2212.56,-789.8,1422.76,1
2011-10-12,2011,10,October,Finland,3,954.93,-18.0,936.93,1
2011-10-12,2011,10,October,France,5,1360.29,0.0,1360.29,1
2011-10-12,2011,10,October,Germany,5,1232.91,-1.45,1231.46,1
2011-10-12,2011,10,October,Norway,2,883.51,0.0,883.51,1
2011-10-12,2011,10,October,Switzerland,2,676.37,-14.45,661.92,1
2011-10-12,2011,10,October,USA,1,0.0,-1579.51,-1579.51,1
2011-10-12,2011,10,October,United Kingdom,82,24832.23,-321.22,24511.01,1
2011-10-13,2011,10,October,Belgium,1,1491.59,0.0,1491.59,1
2011-10-13,2011,10,October,Cyprus,1,2876.85,0.0,2876.85,1
2011-10-13,2011,10,October,Finland,1,640.5,0.0,640.5,1
2011-10-13,2011,10,October,France,1,331.72,0.0,331.72,1
2011-10-13,2011,10,October,Germany,5,2129.11,-81.97,2047.14,1
2011-10-13,2011,10,October,Italy,1,318.06,0.0,318.06,1
2011-10-13,2011,10,October,Portugal,1,1319.01,0.0,1319.01,1
2011-10-13,2011,10,October,RSA,1,1002.31,0.0,1002.31,1
2011-10-13,2011,10,October,United Kingdom,94,27336.03,-297.04,27038.99,1
2011-10-14,2011,10,October,Belgium,1,450.86,0.0,450.86,1
2011-10-14,2011,10,October,Channel Islands,2,862.32,0.0,862.32,1
2011-10-14,2011,10,October,EIRE,1,406.84,0.0,406.84,1
2011-10-14,2011,10,October,France,2,513.6,-60.84,452.76,1
2011-10-14,2011,10,October,Germany,3,1942.28,-17.0,1925.28,1
2011-10-14,2011,10,October,Portugal,1,642.01,0.0,642.01,1
2011-10-14,2011,10,October,Singapore,1,999.26,0.0,999.26,1
2011-10-14,2011,10,October,Spain,1,3528.34,0.0,3528.34,1
2011-10-14,2011,10,October,Sweden,1,15.0,0.0,15.0,1
2011-10-14,2011,10,October,United Kingdom,72,26347.15,-444.76,25902.39,1
2011-10-16,2011,10,October,United Kingdom,39,22010.57,-405.52,21605.05,1
2011-10-17,2011,10,October,Belgium,1,358.99,0.0,358.99,1
2011-10-17,2011,10,October,Denmark,1,0.0,-34.65,-34.65,1
2011-10-17,2011,10,October,EIRE,7,5449.12,0.0,5449.12,1
2011-10-17,2011,10,October,France,1,0.0,-3.18,-3.18,1
2011-10-17,2011,10,October,Germany,4,3512.87,0.0,3512.87,1
2011-10-17,2011,10,October,Portugal,1,543.41,0.0,543.41,1
2011-10-17,2011,10,October,Spain,1,0.0,-3528.34,-3528.34,1
2011-10-17,2011,10,October,Sweden,1,5296.96,0.0,5296.96,1
2011-10-17,2011,10,October,United Kingdom,86,36277.96,-656.72,35621.24,1
2011-10-18,2011,10,October,Austria,1,1043.78,0.0,1043.78,1
2011-10-18,2011,10,October,EIRE,2,1512.17,0.0,1512.17,1
2011-10-18,2011,10,October,France,2,0.0,-2.12,-2.12,1
2011-10-18,2011,10,October,Germany,3,1315.27,0.0,1315.27,1
2011-10-18,2011,10,October,Hong Kong,1,423.42,0.0,423.42,1
2011-10-18,2011,10,October,Italy,1,1193.32,0.0,1193.32,1
2011-10-18,2011,10,October,Netherlands,1,448.92,0.0,448.92,1
2011-10-18,2011,10,October,Spain,1,1019.47,0.0,1019.47,1
2011-10-18,2011,10,October,United Kingdom,95,38375.81,-491.58,37884.23,1
2011-10-19,2011,10,October,Cyprus,1,739.28,0.0,739.28,1
2011-10-19,2011,10,October,EIRE,1,1588.75,0.0,1588.75,1
2011-10-19,2011,10,October,France,2,2792.96,0.0,2792.96,1
2011-10-19,2011,10,October,Germany,6,2618.61,-29.75,2588.86,1
2011-10-19,2011,10,October,Portugal,1,149.75,0.0,149.75,1
2011-10-19,2011,10,October,Spain,1,348.32,0.0,348.32,1
2011-10-19,2011,10,October,United Kingdom,93,28260.34,-472.12,27788.22,1
2011-10-20,2011,10,October,EIRE,3,3621.35,-54.9,3566.45,1
2011-10-20,2011,10,October,France,1,1056.9,0.0,1056.9,1
2011-10-20,2011,10,October,Germany,3,1118.05,0.0,1118.05,1
2011-10-20,2011,10,October,Netherlands,3,25833.56,0.0,25833.56,1
2011-10-20,2011,10,October,Spain,1,290.81,0.0,290.81,1
2011-10-20,2011,10,October,United Kingdom,95,29200.98,-274.86,28926.12,1
2011-10-21,2011,10,October,Belgium,1,300.76,0.0,300.76,1
2011-10-21,2011,10,October,Denmark,2,427.7,-18.0,409.7,1
2011-10-21,2011,10,October,EIRE,2,1680.03,0.0,1680.03,1
2011-10-21,2011,10,October,Germany,2,1347.05,0.0,1347.05,1
2011-10-21,2011,10,October,Netherlands,3,3325.62,0.0,3325.62,1
2011-10-21,2011,10,October,USA,1,731.69,0.0,731.69,1
2011-10-21,2011,10,October,United Kingdom,58,55413.79,-247.38,55166.41,1
2011-10-23,2011,10,October,Germany,1,0.0,-15.7,-15.7,1
2011-10-23,2011,10,October,United Kingdom,43,12288.78,-21.05,12267.73,1
2011-10-24,2011,10,October,Belgium,2,0.0,-34.0,-34.0,1
2011-10-24,2011,10,October,EIRE,2,646.02,-27.2,618.82,1
2011-10-24,2011,10,October,Germany,1,0.0,-38.45,-38.45,1
2011-10-24,2011,10,October,Italy,1,722.4,0.0,722.4,1
2011-10-24,2011,10,October,Spain,1,401.3,0.0,401.3,1
2011-10-24,2011,10,October,United Kingdom,131,45402.29,-7069.01,38333.28,1
2011-10-25,2011,10,October,Germany,2,1097.16,0.0,1097.16,1
2011-10-25,2011,10,October,Italy,1,435.09,0.0,435.09,1
2011-10-25,2011,10,October,Portugal,1,307.21,0.0,307.21,1
2011-10-25,2011,10,October,Switzerland,1,1635.66,0.0,1635.66,1
2011-10-25,2011,10,October,United Kingdom,105,37129.44,-427.15,36702.29,1
2011-10-26,2011,10,October,Belgium,1,786.95,0.0,786.95,1
2011-10-26,2011,10,October,Germany,2,119.74,0.0,119.74,1
2011-10-26,2011,10,October,Italy,1,0.0,-30.55,-30.55,1
2011-10-26,2011,10,October,Japan,2,1948.04,0.0,1948.04,1
2011-10-26,2011,10,October,Spain,1,449.45,0.0,449.45,1
2011-10-26,2011,10,October,Switzerland,2,1275.64,0.0,1275.64,1
2011-10-26,2011,10,October,United Kingdom,97,33478.61,-186.8,33291.81,1
2011-10-27,2011,10,October,EIRE,1,0.0,-97.9,-97.9,1
2011-10-27,2011,10,October,Finland,1,701.79,0.0,701.79,1
2011-10-27,2011,10,October,France,4,1103.79,0.0,1103.79,1
2011-10-27,2011,10,October,Germany,3,485.64,-176.43,309.21,1
2011-10-27,2011,10,October,Italy,1,160.0,0.0,160.0,1
2011-10-27,2011,10,October,Netherlands,3,9995.22,0.0,9995.22,1
2011-10-27,2011,10,October,Norway,2,1755.06,0.0,1755.06,1
2011-10-27,2011,10,October,United Kingdom,119,34768.1,-1215.12,33552.98,1
2011-10-28,2011,10,October,Belgium,1,499.16,0.0,499.16,1
2011-10-28,2011,10,October,France,3,8990.46,0.0,8990.46,1
2011-10-28,2011,10,October,Germany,3,1088.83,-8.5,1080.33,1
2011-10-28,2011,10,October,Hong Kong,1,311.1,0.0,311.1,1
2011-10-28,2011,10,October,Norway,2,1042.66,0.0,1042.66,1
2011-10-28,2011,10,October,Switzerland,2,409.99,0.0,409.99,1
2011-10-28,2011,10,October,United Kingdom,87,28220.38,-90.23,28130.15,1
2011-10-30,2011,10,October,Belgium,1,299.06,0.0,299.06,1
2011-10-30,2011,10,October,EIRE,1,501.66,0.0,501.66,1
2011-10-30,2011,10,October,France,1,214.74,0.0,214.74,1
2011-10-30,2011,10,October,Italy,1,343.0,0.0,343.0,1
2011-10-30,2011,10,October,Spain,1,2176.45,0.0,2176.45,1
2011-10-30,2011,10,October,Sweden,1,454.2,0.0,454.2,1
2011-10-30,2011,10,October,United Kingdom,91,30573.58,-25.95,30547.63,1
2011-10-31,2011,10,October,Belgium,1,462.85,0.0,462.85,1
2011-10-31,2011,10,October,EIRE,1,596.91,0.0,596.91,1
2011-10-31,2011,10,October,Finland,1,214.9,0.0,214.9,1
2011-10-31,2011,10,October,France,2,485.32,0.0,485.32,1
2011-10-31,2011,10,October,Germany,4,785.53,0.0,785.53,1
2011-10-31,2011,10,October,Iceland,1,1294.32,0.0,1294.32,1
2011-10-31,2011,10,October,Italy,1,317.82,0.0,317.82,1
2011-10-31,2011,10,October,United Kingdom,98,53211.5,-8893.7,44317.8,1
2011-11-01,2011,11,November,EIRE,2,2047.05,0.0,2047.05,1
2011-11-01,2011,11,November,France,4,1854.81,-25.0,1829.81,1
2011-11-01,2011,11,November,Italy,1,120.0,0.0,120.0,1
2011-11-01,2011,11,November,United Kingdom,98,25133.29,-388.6,24744.69,1
2011-11-02,2011,11,November,Australia,2,624.24,-174.0,450.24,1
2011-11-02,2011,11,November,EIRE,1,0.0,-16.75,-16.75,1
2011-11-02,2011,11,November,France,1,633.44,0.0,633.44,1
2011-11-02,2011,11,November,Germany,2,171.23,-51.0,120.23,1
2011-11-02,2011,11,November,Italy,1,85.92,0.0,85.92,1
2011-11-02,2011,11,November,Netherlands,3,4486.91,0.0,4486.91,1
2011-11-02,2011,11,November,Poland,1,981.95,0.0,981.95,1
2011-11-02,2011,11,November,United Kingdom,105,38904.65,-407.53,38497.12,1
2011-11-03,2011,11,November,Australia,1,375.24,0.0,375.24,1
2011-11-03,2011,11,November,France,5,1653.98,-86.6,1567.38,1
2011-11-03,2011,11,November,Germany,2,817.97,0.0,817.97,1
2011-11-03,2011,11,November,Norway,1,311.73,0.0,311.73,1
2011-11-03,2011,11,November,Portugal,1,202.3,0.0,202.3,1
2011-11-03,2011,11,November,Spain,1,372.7,0.0,372.7,1
2011-11-03,2011,11,November,United Kingdom,111,59617.23,-594.23,59023.0,1
2011-11-04,2011,11,November,Australia,2,601.44,-262.73,338.71,1
2011-11-04,2011,11,November,Belgium,2,1673.03,0.0,1673.03,1
2011-11-04,2011,11,November,EIRE,2,0.0,-100.36,-100.36,1
2011-11-04,2011,11,November,Finland,3,1321.28,-80.0,1241.28,1
2011-11-04,2011,11,November,France,3,457.96,-62.4,395.56,1
2011-11-04,2011,11,November,Germany,1,0.0,-21.65,-21.65,1
2011-11-04,2011,11,November,Poland,1,379.28,0.0,379.28,1
2011-11-04,2011,11,November,Spain,1,738.57,0.0,738.57,1
2011-11-04,2011,11,November,United Kingdom,128,57798.45,-2355.71,55442.74,1
2011-11-06,2011,11,November,Channel Islands,2,1303.14,0.0,1303.14,1
2011-11-06,2011,11,November,Germany,3,1184.05,0.0,1184.05,1
2011-11-06,2011,11,November,Norway,1,419.06,0.0,419.06,1
2011-11-06,2011,11,November,Sweden,1,671.69,0.0,671.69,1
2011-11-06,2011,11,November,Switzerland,1,6207.67,0.0,6207.67,1
2011-11-06,2011,11,November,United Kingdom,96,33148.99,-33.94,33115.05,1
2011-11-07,2011,11,November,Belgium,2,754.5,-15.0,739.5,1
2011-11-07,2011,11,November,EIRE,4,1157.33,0.0,1157.33,1
2011-11-07,2011,11,November,France,1,288.67,0.0,288.67,1
2011-11-07,2011,11,November,Germany,2,548.85,0.0,548.85,1
2011-11-07,2011,11,November,Portugal,1,222.26,0.0,222.26,1
2011-11-07,2011,11,November,Spain,2,140.0,-128.09,11.91,1
2011-11-07,2011,11,November,United Kingdom,103,82770.2,-15737.64,67032.56,1
2011-11-08,2011,11,November,Belgium,2,506.55,0.0,506.55,1
2011-11-08,2011,11,November,EIRE,3,0.0,-37.09,-37.09,1
2011-11-08,2011,11,November,France,3,1388.77,-8.5,1380.27,1
2011-11-08,2011,11,November,Germany,3,0.0,-237.26,-237.26,1
2011-11-08,2011,11,November,Spain,1,573.71,0.0,573.71,1
2011-11-08,2011,11,November,Sweden,1,0.0,-20.85,-20.85,1
2011-11-08,2011,11,November,United Kingdom,128,55206.61,-715.69,54490.92,1
2011-11-09,2011,11,November,EIRE,2,826.04,-15.9,810.14,1
2011-11-09,2011,11,November,France,2,1068.82,0.0,1068.82,1
2011-11-09,2011,11,November,Germany,2,449.4,-1.65,447.75,1
2011-11-09,2011,11,November,United Kingdom,121,63482.06,-3466.79,60015.27,1
2011-11-10,2011,11,November,Belgium,1,0.0,-19.95,-19.95,1
2011-11-10,2011,11,November,EIRE,1,1003.03,0.0,1003.03,1
2011-11-10,2011,11,November,France,7,2128.03,0.0,2128.03,1
2011-11-10,2011,11,November,Germany,3,287.28,-33.0,254.28,1
2011-11-10,2011,11,November,Netherlands,3,9823.12,0.0,9823.12,1
2011-11-10,2011,11,November,Spain,3,808.99,-17.0,791.99,1
2011-11-10,2011,11,November,United Kingdom,162,55903.49,-968.21,54935.28,1
2011-11-11,2011,11,November,EIRE,3,2506.77,0.0,2506.77,1
2011-11-11,2011,11,November,France,6,2358.91,0.0,2358.91,1
2011-11-11,2011,11,November,Germany,8,3028.82,-37.95,2990.87,1
2011-11-11,2011,11,November,Portugal,1,305.3,0.0,305.3,1
2011-11-11,2011,11,November,Sweden,1,223.68,0.0,223.68,1
2011-11-11,2011,11,November,Switzerland,1,292.58,0.0,292.58,1
2011-11-11,2011,11,November,United Kingdom,98,46523.16,-383.71,46139.45,1
2011-11-13,2011,11,November,Austria,1,586.85,0.0,586.85,1
2011-11-13,2011,11,November,EIRE,4,4454.44,0.0,4454.44,1
2011-11-13,2011,11,November,France,1,123.08,0.0,123.08,1
2011-11-13,2011,11,November,United Kingdom,87,28905.26,-549.7,28355.56,1
2011-11-14,2011,11,November,Austria,1,742.93,0.0,742.93,1
2011-11-14,2011,11,November,EIRE,1,348.21,0.0,348.21,1
2011-11-14,2011,11,November,Finland,1,408.34,0.0,408.34,1
2011-11-14,2011,11,November,France,3,1666.42,0.0,1666.42,1
2011-11-14,2011,11,November,Germany,4,598.38,-48.27,550.11,1
2011-11-14,2011,11,November,Italy,2,0.0,-103.2,-103.2,1
2011-11-14,2011,11,November,Portugal,2,511.09,0.0,511.09,1
2011-11-14,2011,11,November,Sweden,1,1238.48,0.0,1238.48,1
2011-11-14,2011,11,November,United Kingdom,135,108576.59,-1801.21,106775.38,1
2011-11-15,2011,11,November,Australia,2,5355.4,0.0,5355.4,1
2011-11-15,2011,11,November,EIRE,5,2246.31,0.0,2246.31,1
2011-11-15,2011,11,November,France,2,809.22,0.0,809.22,1
2011-11-15,2011,11,November,Germany,2,893.41,0.0,893.41,1
2011-11-15,2011,11,November,Sweden,1,181.66,0.0,181.66,1
2011-11-15,2011,11,November,United Kingdom,129,50455.49,-213.06,50242.43,1
2011-11-16,2011,11,November,EIRE,3,4906.29,0.0,4906.29,1
2011-11-16,2011,11,November,France,2,1575.28,0.0,1575.28,1
2011-11-16,2011,11,November,Germany,11,3612.12,-18.0,3594.12,1
2011-11-16,2011,11,November,Netherlands,1,232.5,0.0,232.5,1
2011-11-16,2011,11,November,United Kingdom,143,55298.78,-1531.47,53767.31,1
2011-11-16,2011,11,November,Unspecified,1,333.2,0.0,333.2,1
2011-11-17,2011,11,November,Belgium,2,1492.31,0.0,1492.31,1
2011-11-17,2011,11,November,Channel Islands,1,211.63,0.0,211.63,1
2011-11-17,2011,11,November,Denmark,1,1794.05,0.0,1794.05,1
2011-11-17,2011,11,November,EIRE,2,1602.42,0.0,1602.42,1
2011-11-17,2011,11,November,Finland,3,234.33,-40.0,194.33,1
2011-11-17,2011,11,November,France,5,3264.02,-9.9,3254.12,1
2011-11-17,2011,11,November,Germany,7,3720.96,-36.05,3684.91,1
2011-11-17,2011,11,November,Italy,1,248.2,0.0,248.2,1
2011-11-17,2011,11,November,Japan,1,4808.48,0.0,4808.48,1
2011-11-17,2011,11,November,Malta,2,743.43,-130.0,613.43,1
2011-11-17,2011,11,November,Portugal,1,58.35,0.0,58.35,1
2011-11-17,2011,11,November,Spain,2,1184.06,0.0,1184.06,1
2011-11-17,2011,11,November,United Kingdom,140,41701.31,-527.46,41173.85,1
2011-11-18,2011,11,November,Belgium,1,1040.39,0.0,1040.39,1
2011-11-18,2011,11,November,Cyprus,1,460.89,0.0,460.89,1
2011-11-18,2011,11,November,Czech Republic,2,0.0,-61.51,-61.51,1
2011-11-18,2011,11,November,EIRE,3,785.56,-102.55,683.01,1
2011-11-18,2011,11,November,France,3,1072.68,0.0,1072.68,1
2011-11-18,2011,11,November,Germany,5,1135.37,-32.65,1102.72,1
2011-11-18,2011,11,November,Italy,2,1363.16,0.0,1363.16,1
2011-11-18,2011,11,November,Netherlands,1,166.0,0.0,166.0,1
2011-11-18,2011,11,November,Norway,1,936.64,0.0,936.64,1
2011-11-18,2011,11,November,Poland,1,0.0,-19.36,-19.36,1
2011-11-18,2011,11,November,Sweden,1,0.0,-8.67,-8.67,1
2011-11-18,2011,11,November,Switzerland,1,925.64,0.0,925.64,1
2011-11-18,2011,11,November,United Kingdom,140,43389.06,-1338.62,42050.44,1
2011-11-20,2011,11,November,Belgium,1,265.83,0.0,265.83,1
2011-11-20,2011,11,November,EIRE,1,917.54,0.0,917.54,1
2011-11-20,2011,11,November,France,2,838.71,0.0,838.71,1
2011-11-20,2011,11,November,Germany,1,219.0,0.0,219.0,1
2011-11-20,2011,11,November,Netherlands,2,158.24,-18.0,140.24,1
2011-11-20,2011,11,November,Spain,2,1094.23,0.0,1094.23,1
2011-11-20,2011,11,November,United Kingdom,96,31565.02,-138.56,31426.46,1
2011-11-21,2011,11,November,EIRE,2,900.6,0.0,900.6,1
2011-11-21,2011,11,November,France,1,397.72,0.0,397.72,1
2011-11-21,2011,11,November,Germany,4,718.7,-352.25,366.45,1
2011-11-21,2011,11,November,Italy,1,1757.55,0.0,1757.55,1
2011-11-21,2011,11,November,Portugal,1,430.48,0.0,430.48,1
2011-11-21,2011,11,November,Spain,1,427.48,0.0,427.48,1
2011-11-21,2011,11,November,United Kingdom,112,45165.12,-1150.97,44014.15,1
2011-11-22,2011,11,November,Belgium,1,301.25,0.0,301.25,1
2011-11-22,2011,11,November,EIRE,4,2055.2,-22.88,2032.32,1
2011-11-22,2011,11,November,France,2,943.63,0.0,943.63,1
2011-11-22,2011,11,November,Germany,3,1055.37,-36.6,1018.77,1
2011-11-22,2011,11,November,Italy,2,611.19,0.0,611.19,1
2011-11-22,2011,11,November,Netherlands,2,809.6,0.0,809.6,1
2011-11-22,2011,11,November,Sweden,2,406.72,-80.0,326.72,1
2011-11-22,2011,11,November,United Kingdom,155,57474.41,-1597.9,55876.51,1
2011-11-23,2011,11,November,EIRE,2,177.33,-29.85,147.48,1
2011-11-23,2011,11,November,Finland,1,310.0,0.0,310.0,1
2011-11-23,2011,11,November,France,2,348.38,0.0,348.38,1
2011-11-23,2011,11,November,Germany,3,712.01,0.0,712.01,1
2011-11-23,2011,11,November,Italy,2,385.06,-26.33,358.73,1
2011-11-23,2011,11,November,Malta,1,0.0,-30.81,-30.81,1
2011-11-23,2011,11,November,Netherlands,3,10078.64,0.0,10078.64,1
2011-11-23,2011,11,November,Spain,1,2990.0,0.0,2990.0,1
2011-11-23,2011,11,November,Switzerland,3,430.57,-2.0,428.57,1
2011-11-23,2011,11,November,United Kingdom,136,64672.19,-1534.49,63137.7,1
2011-11-24,2011,11,November,Australia,1,286.4,0.0,286.4,1
2011-11-24,2011,11,November,Belgium,1,0.0,-2.55,-2.55,1
2011-11-24,2011,11,November,EIRE,1,207.14,0.0,207.14,1
2011-11-24,2011,11,November,France,3,2241.87,-259.2,1982.67,1
2011-11-24,2011,11,November,Germany,8,4244.42,0.0,4244.42,1
2011-11-24,2011,11,November,Portugal,2,859.12,0.0,859.12,1
2011-11-24,2011,11,November,Spain,1,178.48,0.0,178.48,1
2011-11-24,2011,11,November,United Kingdom,128,42328.65,-2636.6,39692.05,1
2011-11-24,2011,11,November,Unspecified,1,632.55,0.0,632.55,1
2011-11-25,2011,11,November,EIRE,1,293.79,0.0,293.79,1
2011-11-25,2011,11,November,France,4,1260.31,-54.0,1206.31,1
2011-11-25,2011,11,November,Germany,1,125.22,0.0,125.22,1
2011-11-25,2011,11,November,Norway,1,2016.78,0.0,2016.78,1
2011-11-25,2011,11,November,United Kingdom,91,47124.93,-326.01,46798.92,1
2011-11-27,2011,11,November,EIRE,1,829.91,0.0,829.91,1
2011-11-27,2011,11,November,United Kingdom,59,19774.89,-39.58,19735.31,1
2011-11-28,2011,11,November,Belgium,1,0.0,-48.85,-48.85,1
2011-11-28,2011,11,November,EIRE,2,1878.83,0.0,1878.83,1
2011-11-28,2011,11,November,France,5,1227.34,-494.07,733.27,1
2011-11-28,2011,11,November,Germany,3,1409.88,-60.48,1349.4,1
2011-11-28,2011,11,November,United Kingdom,115,52649.14,-1119.77,51529.37,1
2011-11-29,2011,11,November,Belgium,1,281.9,0.0,281.9,1
2011-11-29,2011,11,November,Finland,1,227.2,0.0,227.2,1
2011-11-29,2011,11,November,France,2,1339.12,0.0,1339.12,1
2011-11-29,2011,11,November,Germany,4,1358.86,0.0,1358.86,1
2011-11-29,2011,11,November,Japan,1,3651.6,0.0,3651.6,1
2011-11-29,2011,11,November,Spain,1,170.74,0.0,170.74,1
2011-11-29,2011,11,November,Switzerland,1,262.5,0.0,262.5,1
2011-11-29,2011,11,November,United Kingdom,140,65304.01,-376.73,64927.28,1
2011-11-30,2011,11,November,Channel Islands,1,0.0,-19.6,-19.6,1
2011-11-30,2011,11,November,Denmark,1,905.52,0.0,905.52,1
2011-11-30,2011,11,November,EIRE,3,1594.64,0.0,1594.64,1
2011-11-30,2011,11,November,Finland,1,569.09,0.0,569.09,1
2011-11-30,2011,11,November,France,7,2813.59,-61.53,2752.06,1
2011-11-30,2011,11,November,Germany,2,679.4,0.0,679.4,1
2011-11-30,2011,11,November,Italy,2,0.0,-197.8,-197.8,1
2011-11-30,2011,11,November,Netherlands,1,119.0,0.0,119.0,1
2011-11-30,2011,11,November,Norway,1,2843.29,0.0,2843.29,1
2011-11-30,2011,11,November,Portugal,1,56.0,0.0,56.0,1
2011-11-30,2011,11,November,United Kingdom,144,50545.18,-697.05,49848.13,1
2011-12-01,2011,12,December,EIRE,5,1038.92,-17.85,1021.07,1
2011-12-01,2011,12,December,Finland,1,890.0,0.0,890.0,1
2011-12-01,2011,12,December,France,2,931.39,0.0,931.39,1
2011-12-01,2011,12,December,Germany,2,695.87,0.0,695.87,1
2011-12-01,2011,12,December,Malta,1,0.0,-30.81,-30.81,1
2011-12-01,2011,12,December,United Kingdom,158,48630.43,-737.64,47892.79,1
2011-12-02,2011,12,December,Belgium,2,310.32,-8.3,302.02,1
2011-12-02,2011,12,December,Cyprus,1,0.0,-91.25,-91.25,1
2011-12-02,2011,12,December,Finland,2,342.76,0.0,342.76,1
2011-12-02,2011,12,December,France,5,1579.25,-164.45,1414.8,1
2011-12-02,2011,12,December,Germany,2,67.0,-29.17,37.83,1
2011-12-02,2011,12,December,Portugal,1,1436.93,0.0,1436.93,1
2011-12-02,2011,12,December,USA,1,269.96,0.0,269.96,1
2011-12-02,2011,12,December,United Kingdom,128,53657.85,-240.4,53417.45,1
2011-12-04,2011,12,December,EIRE,1,773.54,0.0,773.54,1
2011-12-04,2011,12,December,France,3,1031.89,0.0,1031.89,1
2011-12-04,2011,12,December,Germany,3,1179.87,0.0,1179.87,1
2011-12-04,2011,12,December,United Kingdom,64,21636.13,-54.4,21581.73,1
2011-12-05,2011,12,December,Channel Islands,1,198.4,0.0,198.4,1
2011-12-05,2011,12,December,Denmark,1,168.9,0.0,168.9,1
2011-12-05,2011,12,December,EIRE,2,587.4,0.0,587.4,1
2011-12-05,2011,12,December,France,2,797.48,0.0,797.48,1
2011-12-05,2011,12,December,Germany,3,284.25,-14.9,269.35,1
2011-12-05,2011,12,December,Norway,1,147.01,0.0,147.01,1
2011-12-05,2011,12,December,Portugal,1,252.25,0.0,252.25,1
2011-12-05,2011,12,December,Sweden,2,238.0,-238.0,0.0,1
2011-12-05,2011,12,December,USA,1,615.28,0.0,615.28,1
2011-12-05,2011,12,December,United Kingdom,137,85032.64,-30737.74,54294.9,1
2011-12-06,2011,12,December,Belgium,2,898.77,0.0,898.77,1
2011-12-06,2011,12,December,France,4,1403.94,0.0,1403.94,1
2011-12-06,2011,12,December,Germany,2,0.0,-36.65,-36.65,1
2011-12-06,2011,12,December,Greece,1,680.99,0.0,680.99,1
2011-12-06,2011,12,December,Italy,1,200.45,0.0,200.45,1
2011-12-06,2011,12,December,Japan,1,0.0,-116.93,-116.93,1
2011-12-06,2011,12,December,Portugal,1,718.43,0.0,718.43,1
2011-12-06,2011,12,December,Spain,1,172.06,0.0,172.06,1
2011-12-06,2011,12,December,United Kingdom,136,52632.72,-2331.26,50301.46,1
2011-12-07,2011,12,December,EIRE,3,3856.89,0.0,3856.89,1
2011-12-07,2011,12,December,Finland,1,0.0,-2.08,-2.08,1
2011-12-07,2011,12,December,France,2,1117.62,0.0,1117.62,1
2011-12-07,2011,12,December,Germany,4,2879.26,0.0,2879.26,1
2011-12-07,2011,12,December,Iceland,1,224.82,0.0,224.82,1
2011-12-07,2011,12,December,Netherlands,2,11477.42,0.0,11477.42,1
2011-12-07,2011,12,December,Portugal,2,400.58,-6.24,394.34,1
2011-12-07,2011,12,December,Spain,2,144.15,-44.78,99.37,1
2011-12-07,2011,12,December,United Kingdom,120,55338.42,-174.89,55163.53,1
2011-12-08,2011,12,December,Austria,1,683.2,0.0,683.2,1
2011-12-08,2011,12,December,Channel Islands,1,0.0,-4.25,-4.25,1
2011-12-08,2011,12,December,EIRE,1,1084.14,0.0,1084.14,1
2011-12-08,2011,12,December,France,2,165.9,-19.2,146.7,1
2011-12-08,2011,12,December,Germany,2,1188.2,-98.75,1089.45,1
2011-12-08,2011,12,December,Netherlands,1,250.6,0.0,250.6,1
2011-12-08,2011,12,December,USA,1,0.0,-269.96,-269.96,1
2011-12-08,2011,12,December,United Kingdom,136,79121.7,-685.06,78436.64,1
2011-12-09,2011,12,December,Belgium,1,208.64,0.0,208.64,1
2011-12-09,2011,12,December,France,1,267.45,0.0,267.45,1
2011-12-09,2011,12,December,Germany,4,1689.72,0.0,1689.72,1
2011-12-09,2011,12,December,Norway,2,2638.69,0.0,2638.69,1
2011-12-09,2011,12,December,United Kingdom,40,196134.1,-168564.38,27569.72,1
